Sentence#,Data Transfer/Transmission/Wireless Range-SA/Positive,Data Transfer/Transmission/Wireless Range-SA/Negative,Data Transfer/Transmission/Wireless Range-SA/Neutral,Data Transfer/Transmission/Cloud Connectivity-SA/Positive,Data Transfer/Transmission/Cloud Connectivity-SA/Negative,Data Transfer/Transmission/Cloud Connectivity-SA/Neutral,Data Transfer/Transmission/Wireless Range-SA/Positive_predicted,Data Transfer/Transmission/Wireless Range-SA/Negative_predicted,Data Transfer/Transmission/Wireless Range-SA/Neutral_predicted,Data Transfer/Transmission/Cloud Connectivity-SA/Positive_predicted,Data Transfer/Transmission/Cloud Connectivity-SA/Negative_predicted,Data Transfer/Transmission/Cloud Connectivity-SA/Neutral_predicted
15500,0,0,0,0,0,0,0.0,0.0,0.0,0.0,0.0,0.0
7313,0,0,0,0,0,0,0.0,0.0,0.0,0.0,0.0,0.0
10887,0,0,0,0,0,0,0.0,0.0,0.0,0.0,0.0,0.0
17897,0,0,0,0,0,0,0.0,0.0,0.0,0.0,0.0,0.0
2981,0,0,0,0,0,0,0.0,0.0,0.0,0.0,0.0,0.0
12228,0,0,0,0,0,0,0.0,0.0,0.0,0.0,0.0,0.0
8912,0,0,0,0,0,0,0.0,0.0,0.0,0.0,0.0,0.0
3013,0,0,0,0,0,0,0.0,0.0,0.0,0.0,0.0,0.0
19011,0,0,0,0,0,0,0.0,0.0,0.0,0.0,0.0,0.0
13077,0,0,0,0,0,0,0.0,0.0,0.0,0.0,0.0,0.0
14423,0,0,0,0,0,0,0.0,0.0,0.0,0.0,0.0,0.0
14481,0,0,0,0,0,0,0.0,0.0,0.0,0.0,0.0,0.0
3053,0,0,0,0,0,0,0.0,0.0,0.0,0.0,0.0,0.0
9202,0,0,0,0,0,0,0.0,0.0,0.0,0.0,0.0,0.0
1941,0,0,0,1,0,0,0.0,0.0,0.0,0.0,0.0,1.0
810,0,0,0,0,0,0,0.0,0.0,0.0,0.0,0.0,0.0
536,0,0,0,0,0,0,0.0,0.0,0.0,0.0,0.0,0.0
11667,0,0,0,0,0,0,0.0,0.0,0.0,0.0,0.0,0.0
16492,0,0,0,0,0,0,0.0,0.0,0.0,0.0,0.0,0.0
6730,0,0,0,0,0,0,0.0,0.0,0.0,0.0,0.0,0.0
18105,0,0,0,0,0,0,0.0,0.0,0.0,0.0,0.0,0.0
156,0,0,0,0,0,0,0.0,0.0,0.0,0.0,0.0,0.0
9311,0,0,0,0,0,0,0.0,0.0,0.0,0.0,0.0,0.0
14425,0,0,0,0,0,0,0.0,0.0,0.0,0.0,0.0,0.0
7948,0,0,0,0,0,0,0.0,0.0,0.0,0.0,0.0,0.0
10754,0,0,0,0,0,0,0.0,0.0,0.0,0.0,0.0,0.0
4164,0,0,0,0,0,0,0.0,0.0,0.0,0.0,0.0,0.0
17224,0,0,0,0,0,0,0.0,0.0,0.0,0.0,0.0,0.0
6344,0,0,0,0,0,0,0.0,0.0,0.0,0.0,0.0,0.0
8820,0,0,0,0,0,0,0.0,0.0,0.0,0.0,0.0,0.0
7832,0,0,0,0,0,0,0.0,0.0,0.0,0.0,0.0,0.0
5941,0,0,0,0,0,0,0.0,0.0,0.0,0.0,0.0,0.0
2592,0,0,0,0,0,0,0.0,0.0,0.0,0.0,0.0,0.0
7578,0,0,0,0,0,0,0.0,0.0,0.0,0.0,0.0,0.0
6930,0,0,0,0,0,0,0.0,0.0,0.0,0.0,0.0,0.0
917,0,0,0,0,0,0,0.0,0.0,0.0,0.0,0.0,0.0
2707,0,0,0,0,0,0,0.0,0.0,0.0,0.0,0.0,0.0
1642,0,0,0,0,0,0,0.0,0.0,0.0,0.0,0.0,0.0
17131,0,0,0,0,0,0,0.0,0.0,0.0,0.0,0.0,0.0
1102,0,0,0,0,0,0,0.0,0.0,0.0,0.0,0.0,0.0
8651,0,0,0,0,0,0,0.0,0.0,0.0,0.0,0.0,0.0
2240,0,0,0,0,0,0,0.0,0.0,0.0,0.0,0.0,0.0
1081,0,0,0,0,0,0,0.0,0.0,0.0,0.0,0.0,0.0
3669,0,0,0,0,0,0,0.0,0.0,0.0,0.0,0.0,0.0
7679,0,0,0,0,0,0,0.0,0.0,0.0,0.0,0.0,0.0
136,0,0,0,0,0,0,0.0,0.0,0.0,0.0,0.0,0.0
2120,0,0,0,0,0,0,0.0,0.0,0.0,0.0,0.0,0.0
11050,0,0,0,0,0,0,0.0,0.0,0.0,0.0,0.0,0.0
8852,0,0,0,0,0,0,0.0,0.0,0.0,0.0,0.0,0.0
7949,0,0,0,0,0,0,0.0,0.0,0.0,0.0,0.0,0.0
10279,0,0,0,0,0,0,0.0,0.0,0.0,0.0,0.0,0.0
14311,0,0,0,0,0,0,0.0,0.0,0.0,0.0,0.0,0.0
674,0,0,0,0,0,0,0.0,0.0,0.0,0.0,0.0,0.0
5577,0,0,0,0,0,0,0.0,0.0,0.0,0.0,0.0,0.0
15084,0,0,0,0,0,0,0.0,0.0,0.0,0.0,0.0,0.0
3565,0,0,0,0,0,0,0.0,0.0,0.0,0.0,0.0,0.0
10465,0,0,0,0,0,0,0.0,0.0,0.0,0.0,0.0,0.0
14079,0,0,0,0,0,0,0.0,0.0,0.0,0.0,0.0,0.0
14922,0,0,0,0,0,0,0.0,0.0,0.0,0.0,0.0,0.0
14306,0,0,0,0,0,0,0.0,0.0,0.0,0.0,0.0,0.0
703,0,0,0,0,0,0,0.0,0.0,0.0,0.0,0.0,0.0
4751,0,0,0,0,0,0,0.0,0.0,0.0,0.0,0.0,0.0
12412,0,0,0,0,0,0,0.0,0.0,0.0,0.0,0.0,0.0
6516,0,0,0,0,0,0,0.0,0.0,0.0,0.0,0.0,0.0
6006,0,0,0,0,0,0,0.0,0.0,0.0,0.0,0.0,0.0
19349,0,0,0,0,0,0,0.0,0.0,0.0,0.0,0.0,0.0
12699,0,0,0,0,0,1,0.0,0.0,0.0,0.0,0.0,0.0
16943,0,0,0,0,0,0,0.0,0.0,0.0,0.0,0.0,0.0
8389,0,0,0,0,0,0,0.0,0.0,0.0,0.0,0.0,0.0
4206,0,0,0,0,0,0,0.0,0.0,0.0,0.0,0.0,0.0
12576,0,0,0,0,0,0,0.0,0.0,0.0,0.0,0.0,0.0
13668,0,0,0,0,0,0,0.0,0.0,0.0,0.0,0.0,0.0
5584,0,0,0,0,0,0,0.0,0.0,0.0,0.0,0.0,0.0
4633,0,0,0,0,0,0,0.0,0.0,0.0,0.0,0.0,0.0
12026,0,0,0,0,0,0,0.0,0.0,0.0,0.0,0.0,0.0
12346,0,0,0,0,0,0,0.0,0.0,0.0,0.0,0.0,0.0
6202,0,0,0,0,0,0,0.0,0.0,0.0,0.0,0.0,0.0
1556,0,0,0,0,0,0,0.0,0.0,0.0,0.0,0.0,0.0
3128,0,0,0,0,0,0,0.0,0.0,0.0,0.0,0.0,0.0
18278,0,0,0,0,0,0,0.0,0.0,0.0,0.0,0.0,0.0
1720,0,0,0,0,0,0,0.0,0.0,0.0,0.0,0.0,0.0
17846,0,0,0,0,0,0,0.0,0.0,0.0,0.0,0.0,0.0
15497,0,0,0,0,0,0,0.0,0.0,0.0,0.0,0.0,0.0
9693,0,0,0,0,0,0,0.0,0.0,0.0,0.0,0.0,0.0
10438,0,0,0,0,0,0,0.0,0.0,0.0,0.0,0.0,0.0
3338,0,0,0,0,0,0,0.0,0.0,0.0,0.0,0.0,0.0
17233,0,0,0,0,0,0,0.0,0.0,0.0,0.0,0.0,0.0
19736,0,0,0,0,0,0,0.0,0.0,0.0,0.0,0.0,0.0
9423,0,0,0,0,0,0,0.0,0.0,0.0,0.0,0.0,0.0
18623,0,0,0,0,0,0,0.0,0.0,0.0,0.0,0.0,0.0
9689,0,0,0,0,0,0,0.0,0.0,0.0,0.0,0.0,0.0
1882,0,0,0,0,0,0,0.0,0.0,0.0,0.0,0.0,0.0
1530,0,0,0,0,0,0,0.0,0.0,0.0,0.0,0.0,0.0
3993,0,0,0,0,0,0,0.0,0.0,0.0,0.0,0.0,0.0
7140,0,0,0,0,1,0,0.0,0.0,0.0,0.0,0.0,0.0
15827,0,0,0,0,0,0,0.0,0.0,0.0,0.0,0.0,0.0
15228,0,0,0,0,0,0,0.0,0.0,0.0,0.0,0.0,0.0
1232,0,0,0,0,0,0,0.0,0.0,0.0,0.0,0.0,0.0
2891,0,0,0,0,0,0,0.0,0.0,0.0,0.0,0.0,0.0
12645,0,0,0,0,0,0,0.0,0.0,0.0,0.0,0.0,0.0
11582,0,0,0,0,0,0,0.0,0.0,0.0,0.0,0.0,0.0
12913,0,0,0,0,0,0,0.0,0.0,0.0,0.0,0.0,0.0
4638,0,0,0,0,0,0,0.0,0.0,0.0,0.0,0.0,0.0
13562,0,0,0,0,0,0,0.0,0.0,0.0,0.0,0.0,0.0
510,0,0,0,0,0,0,0.0,0.0,0.0,0.0,0.0,0.0
10554,0,0,0,0,0,0,0.0,0.0,0.0,0.0,0.0,0.0
10823,0,0,0,0,0,0,0.0,0.0,0.0,0.0,0.0,0.0
3118,0,0,0,0,0,0,0.0,0.0,0.0,0.0,0.0,0.0
11833,0,0,0,0,0,0,0.0,0.0,0.0,0.0,0.0,0.0
19127,0,0,0,0,0,0,0.0,0.0,0.0,0.0,0.0,0.0
8618,0,0,0,0,0,0,0.0,0.0,0.0,0.0,0.0,0.0
2484,0,0,0,0,0,0,0.0,0.0,0.0,0.0,0.0,0.0
6653,0,0,0,0,0,0,0.0,0.0,0.0,0.0,0.0,0.0
10704,0,0,0,0,0,0,0.0,0.0,0.0,0.0,0.0,0.0
7573,0,0,0,0,0,0,0.0,0.0,0.0,0.0,0.0,0.0
3611,0,0,0,0,0,0,0.0,0.0,0.0,0.0,0.0,0.0
6761,0,0,0,0,0,0,0.0,0.0,0.0,0.0,0.0,0.0
15338,0,0,0,0,0,0,0.0,0.0,0.0,0.0,0.0,0.0
13830,0,0,0,0,0,0,0.0,0.0,0.0,0.0,0.0,0.0
16588,0,0,0,0,0,0,0.0,0.0,0.0,0.0,0.0,0.0
9895,0,0,0,0,0,0,0.0,0.0,0.0,0.0,0.0,0.0
7981,0,0,0,0,0,0,0.0,0.0,0.0,0.0,0.0,0.0
16255,0,0,0,0,0,0,0.0,0.0,0.0,0.0,0.0,0.0
1613,0,0,0,0,0,0,0.0,0.0,0.0,0.0,0.0,0.0
9287,0,0,0,0,0,0,0.0,0.0,0.0,0.0,0.0,0.0
12103,0,0,0,0,0,0,0.0,0.0,0.0,0.0,0.0,0.0
2182,0,0,0,1,0,0,0.0,0.0,0.0,0.0,0.0,0.0
19421,0,0,0,0,0,0,0.0,0.0,0.0,0.0,0.0,0.0
7463,0,0,0,0,0,0,0.0,0.0,0.0,0.0,0.0,0.0
18521,0,0,0,0,0,0,0.0,0.0,0.0,0.0,0.0,0.0
4719,0,0,0,0,0,0,0.0,0.0,0.0,0.0,0.0,0.0
2749,0,0,0,0,0,0,0.0,0.0,0.0,0.0,0.0,0.0
10844,0,0,0,0,0,0,0.0,0.0,0.0,0.0,0.0,0.0
592,0,0,0,0,0,0,0.0,0.0,0.0,0.0,0.0,0.0
17770,0,0,0,0,0,0,0.0,0.0,0.0,0.0,0.0,0.0
9349,0,0,0,0,0,0,0.0,0.0,0.0,0.0,0.0,0.0
6379,0,0,0,0,0,0,0.0,0.0,0.0,0.0,0.0,0.0
7647,0,0,0,0,0,0,0.0,0.0,0.0,0.0,0.0,0.0
5229,0,0,0,0,0,0,0.0,0.0,0.0,0.0,0.0,0.0
19087,0,0,0,0,0,0,0.0,0.0,0.0,0.0,0.0,0.0
1674,0,0,0,0,0,0,0.0,0.0,0.0,0.0,0.0,0.0
16750,0,0,0,0,0,0,0.0,0.0,0.0,0.0,0.0,0.0
14836,0,0,0,0,0,0,0.0,0.0,0.0,0.0,0.0,0.0
18580,0,0,0,0,0,0,0.0,0.0,0.0,0.0,0.0,0.0
8577,0,0,0,0,0,0,0.0,0.0,0.0,0.0,0.0,0.0
7972,0,0,0,0,0,0,0.0,0.0,0.0,0.0,0.0,0.0
3626,0,0,0,0,0,0,0.0,0.0,0.0,0.0,0.0,0.0
11619,0,0,0,0,0,0,0.0,0.0,0.0,0.0,0.0,0.0
10667,0,0,0,0,0,0,0.0,0.0,0.0,0.0,0.0,0.0
4376,0,0,0,0,0,0,0.0,0.0,0.0,0.0,0.0,0.0
11588,0,0,0,0,0,0,0.0,0.0,0.0,0.0,0.0,0.0
9466,0,0,0,0,0,0,0.0,0.0,0.0,0.0,0.0,0.0
17673,0,0,0,0,0,0,0.0,0.0,0.0,0.0,0.0,0.0
15031,0,0,0,0,0,0,0.0,0.0,0.0,0.0,0.0,0.0
7673,0,0,0,0,0,0,0.0,0.0,0.0,0.0,0.0,0.0
3969,0,0,0,0,0,0,0.0,0.0,0.0,0.0,0.0,0.0
2921,0,0,0,0,0,0,0.0,0.0,0.0,0.0,0.0,0.0
13310,0,0,0,0,0,0,0.0,0.0,0.0,0.0,0.0,0.0
18010,0,0,0,0,0,1,0.0,0.0,0.0,0.0,0.0,1.0
7959,0,0,0,0,0,0,0.0,0.0,0.0,0.0,0.0,0.0
5785,0,0,0,0,0,0,0.0,0.0,0.0,0.0,0.0,0.0
7854,0,0,0,0,0,0,0.0,0.0,0.0,0.0,0.0,0.0
8631,0,0,0,0,0,0,0.0,0.0,0.0,0.0,0.0,0.0
6656,0,0,0,0,0,0,0.0,0.0,0.0,0.0,0.0,0.0
5813,0,0,0,0,0,0,0.0,0.0,0.0,0.0,0.0,0.0
19653,0,0,0,0,0,0,0.0,0.0,0.0,0.0,0.0,0.0
1242,0,0,0,0,0,0,0.0,0.0,0.0,0.0,0.0,0.0
4591,0,0,0,0,0,0,0.0,0.0,0.0,0.0,0.0,0.0
10648,0,0,0,0,0,0,0.0,0.0,0.0,0.0,0.0,0.0
13196,0,0,0,0,0,0,0.0,0.0,0.0,0.0,0.0,0.0
1615,0,0,0,0,0,0,0.0,0.0,0.0,0.0,0.0,0.0
19665,0,0,0,0,0,0,0.0,0.0,0.0,0.0,0.0,0.0
2585,0,0,0,0,0,0,0.0,0.0,0.0,0.0,0.0,0.0
463,0,0,0,0,0,0,0.0,0.0,0.0,0.0,0.0,0.0
15532,0,0,0,0,0,0,0.0,0.0,0.0,0.0,0.0,0.0
5601,0,0,0,0,0,0,0.0,0.0,0.0,0.0,0.0,0.0
19178,0,0,0,0,0,0,0.0,0.0,0.0,0.0,0.0,0.0
8607,0,0,0,0,0,0,0.0,0.0,0.0,0.0,0.0,0.0
42,0,0,0,0,0,0,0.0,0.0,0.0,0.0,0.0,0.0
2259,0,0,0,0,0,0,0.0,0.0,0.0,0.0,0.0,0.0
704,0,0,0,0,0,0,0.0,0.0,0.0,0.0,0.0,0.0
15776,0,0,0,0,0,0,0.0,0.0,0.0,0.0,0.0,0.0
3610,0,0,0,0,0,0,0.0,0.0,0.0,0.0,0.0,0.0
13184,0,0,0,0,0,0,0.0,0.0,0.0,0.0,0.0,0.0
15793,0,0,0,0,0,0,0.0,0.0,0.0,0.0,0.0,0.0
19348,0,0,0,0,0,0,0.0,0.0,0.0,0.0,0.0,0.0
12042,0,0,0,0,0,0,0.0,0.0,0.0,0.0,0.0,0.0
12049,0,0,0,0,0,0,0.0,0.0,0.0,0.0,0.0,0.0
2979,0,0,0,0,0,0,0.0,0.0,0.0,0.0,0.0,0.0
4459,0,0,0,0,0,0,0.0,0.0,0.0,0.0,0.0,0.0
1048,0,0,0,0,0,0,0.0,0.0,0.0,0.0,0.0,0.0
3179,0,0,0,0,0,0,0.0,0.0,0.0,0.0,0.0,0.0
14088,0,0,0,0,0,0,0.0,0.0,0.0,0.0,0.0,0.0
9775,0,0,0,0,0,0,0.0,0.0,0.0,0.0,0.0,0.0
9952,0,0,0,0,0,0,0.0,0.0,0.0,0.0,0.0,0.0
8428,0,0,0,0,0,0,0.0,0.0,0.0,0.0,0.0,0.0
16123,0,0,0,0,0,0,0.0,0.0,0.0,0.0,0.0,0.0
267,0,0,0,0,0,0,0.0,0.0,0.0,0.0,0.0,0.0
17953,0,0,0,0,0,0,0.0,0.0,0.0,0.0,0.0,0.0
2896,0,0,0,0,0,0,0.0,0.0,0.0,0.0,0.0,0.0
13126,0,0,0,0,0,0,0.0,0.0,0.0,0.0,0.0,0.0
981,0,0,0,0,0,0,0.0,0.0,0.0,0.0,0.0,0.0
19097,0,0,0,0,0,0,0.0,0.0,0.0,0.0,0.0,0.0
13019,0,0,0,0,0,0,0.0,0.0,0.0,0.0,0.0,0.0
9583,0,0,0,0,0,0,0.0,0.0,0.0,0.0,0.0,0.0
8722,0,0,0,0,0,0,0.0,0.0,0.0,0.0,0.0,0.0
6500,0,0,0,1,0,0,0.0,0.0,0.0,0.0,0.0,0.0
16384,0,0,0,0,0,0,0.0,0.0,0.0,0.0,0.0,0.0
4924,0,0,0,0,0,0,0.0,0.0,0.0,0.0,0.0,0.0
16711,0,0,0,0,0,0,0.0,0.0,0.0,0.0,0.0,0.0
7265,0,0,0,0,0,0,0.0,0.0,0.0,0.0,0.0,0.0
4608,0,0,0,0,0,0,0.0,0.0,0.0,0.0,0.0,0.0
5305,0,0,0,0,0,0,0.0,0.0,0.0,0.0,0.0,0.0
3382,0,0,0,0,0,0,0.0,0.0,0.0,0.0,0.0,0.0
6767,0,0,0,0,0,0,0.0,0.0,0.0,0.0,0.0,0.0
10543,0,0,0,0,0,0,0.0,0.0,0.0,0.0,0.0,0.0
14478,0,0,0,0,0,0,0.0,0.0,0.0,0.0,0.0,0.0
10303,0,0,0,0,0,0,0.0,0.0,0.0,0.0,0.0,0.0
5523,0,0,0,0,0,0,0.0,0.0,0.0,0.0,0.0,0.0
857,0,0,0,0,0,0,0.0,0.0,0.0,0.0,0.0,0.0
15657,0,0,0,0,0,0,0.0,0.0,0.0,0.0,0.0,0.0
17866,0,0,0,0,0,0,0.0,0.0,0.0,0.0,0.0,0.0
1987,0,0,0,0,0,0,0.0,0.0,0.0,0.0,0.0,0.0
16035,0,0,0,0,0,0,0.0,0.0,0.0,0.0,0.0,0.0
3223,0,0,0,0,0,0,0.0,0.0,0.0,0.0,0.0,0.0
14412,0,0,0,0,0,0,0.0,0.0,0.0,0.0,0.0,0.0
9567,0,0,0,0,0,0,0.0,0.0,0.0,0.0,0.0,0.0
8053,0,0,0,0,0,0,0.0,0.0,0.0,0.0,0.0,0.0
16554,0,0,0,0,0,0,0.0,0.0,0.0,0.0,0.0,0.0
9510,0,0,0,0,0,0,0.0,0.0,0.0,0.0,0.0,0.0
10740,0,0,0,0,0,0,0.0,0.0,0.0,0.0,0.0,0.0
11447,0,0,0,0,0,0,0.0,0.0,0.0,0.0,0.0,0.0
19523,0,0,0,0,0,0,0.0,0.0,0.0,0.0,0.0,0.0
4521,0,0,0,0,0,0,0.0,0.0,0.0,0.0,0.0,0.0
1353,0,0,0,0,0,0,0.0,0.0,0.0,0.0,0.0,0.0
2916,0,0,0,0,0,0,0.0,0.0,0.0,0.0,0.0,0.0
1900,0,0,0,0,0,0,0.0,0.0,0.0,0.0,0.0,0.0
1056,0,0,0,0,0,0,0.0,0.0,0.0,0.0,0.0,0.0
16753,0,0,0,0,0,0,0.0,0.0,0.0,0.0,0.0,0.0
11520,0,0,0,0,0,0,0.0,0.0,0.0,0.0,0.0,0.0
19070,0,0,0,0,0,0,0.0,0.0,0.0,0.0,0.0,0.0
17838,0,0,0,0,0,0,0.0,0.0,0.0,0.0,0.0,0.0
17514,0,0,0,0,0,0,0.0,0.0,0.0,0.0,0.0,0.0
8859,0,0,0,0,0,0,0.0,0.0,0.0,0.0,0.0,0.0
1863,0,0,0,0,0,0,0.0,0.0,0.0,0.0,0.0,0.0
10777,0,0,0,0,0,0,0.0,0.0,0.0,0.0,0.0,0.0
8186,0,0,0,0,0,0,0.0,0.0,0.0,0.0,0.0,0.0
2130,0,0,0,0,0,0,0.0,0.0,0.0,0.0,0.0,0.0
2605,0,0,0,0,0,0,0.0,0.0,0.0,0.0,0.0,0.0
11609,0,0,0,0,0,0,0.0,0.0,0.0,0.0,0.0,0.0
9682,0,0,0,0,0,0,0.0,0.0,0.0,0.0,0.0,0.0
8743,0,0,0,0,0,0,0.0,0.0,0.0,0.0,0.0,0.0
7497,0,0,0,0,0,0,0.0,0.0,0.0,0.0,0.0,0.0
3402,0,0,0,0,0,0,0.0,0.0,0.0,0.0,0.0,0.0
18171,0,0,0,0,0,0,0.0,0.0,0.0,0.0,0.0,0.0
983,0,0,0,0,0,0,0.0,0.0,0.0,0.0,0.0,0.0
4671,0,0,0,0,0,0,0.0,0.0,0.0,0.0,0.0,0.0
8258,0,1,0,0,0,0,0.0,0.0,0.0,0.0,0.0,0.0
7183,0,0,0,0,0,0,0.0,0.0,0.0,0.0,0.0,0.0
4051,0,0,0,0,0,0,0.0,0.0,0.0,0.0,0.0,0.0
7213,0,0,0,0,0,0,0.0,0.0,0.0,0.0,0.0,0.0
17684,0,0,0,0,0,0,0.0,0.0,0.0,0.0,0.0,0.0
1240,0,0,0,0,0,0,0.0,0.0,0.0,0.0,0.0,0.0
4569,0,0,0,0,0,0,0.0,0.0,0.0,0.0,0.0,0.0
11165,0,0,0,0,0,0,0.0,0.0,0.0,0.0,0.0,0.0
5387,0,0,0,0,0,1,0.0,0.0,0.0,0.0,0.0,0.0
8712,0,0,0,0,0,0,0.0,0.0,0.0,0.0,0.0,0.0
1329,0,0,0,1,0,0,0.0,0.0,0.0,0.0,0.0,0.0
7674,0,0,0,0,0,0,0.0,0.0,0.0,0.0,0.0,0.0
6450,0,0,0,0,0,0,0.0,0.0,0.0,0.0,0.0,0.0
5516,0,0,0,0,0,0,0.0,0.0,0.0,0.0,0.0,0.0
16412,0,0,0,0,0,0,0.0,0.0,0.0,0.0,0.0,0.0
17958,0,0,0,0,0,0,0.0,0.0,0.0,0.0,0.0,0.0
14132,0,0,0,0,0,0,0.0,0.0,0.0,0.0,0.0,0.0
10304,0,0,0,0,0,0,0.0,0.0,0.0,0.0,0.0,0.0
15189,0,0,0,0,0,0,0.0,0.0,0.0,0.0,0.0,0.0
4551,0,0,0,0,0,0,0.0,0.0,0.0,0.0,0.0,0.0
279,0,0,0,0,0,0,0.0,0.0,0.0,0.0,0.0,0.0
4934,0,0,0,0,0,0,0.0,0.0,0.0,0.0,0.0,0.0
8436,0,0,0,0,0,0,0.0,0.0,0.0,0.0,0.0,0.0
4470,0,0,0,0,0,0,0.0,0.0,0.0,0.0,0.0,0.0
3026,0,0,0,0,0,0,0.0,0.0,0.0,0.0,0.0,0.0
14941,0,0,0,0,0,0,0.0,0.0,0.0,0.0,0.0,0.0
1199,0,0,0,0,0,0,0.0,0.0,0.0,0.0,0.0,0.0
13313,0,0,0,0,0,0,0.0,0.0,0.0,0.0,0.0,0.0
19429,0,0,0,0,0,0,0.0,0.0,0.0,0.0,0.0,0.0
10851,0,0,0,0,0,0,0.0,0.0,0.0,0.0,0.0,0.0
6211,0,0,0,0,0,0,0.0,0.0,0.0,0.0,0.0,0.0
3927,0,0,0,0,0,0,0.0,0.0,0.0,0.0,0.0,0.0
8825,0,0,0,0,0,0,0.0,0.0,0.0,0.0,0.0,0.0
19080,0,0,0,0,0,0,0.0,0.0,0.0,0.0,0.0,0.0
11601,0,0,0,0,0,0,0.0,0.0,0.0,0.0,0.0,0.0
15745,0,0,0,0,0,0,0.0,0.0,0.0,0.0,0.0,0.0
6815,0,0,0,0,0,0,0.0,0.0,0.0,0.0,0.0,0.0
5955,0,0,0,0,0,0,0.0,0.0,0.0,0.0,0.0,0.0
14418,0,0,0,0,0,0,0.0,0.0,0.0,0.0,0.0,0.0
4846,0,0,0,0,0,0,0.0,0.0,0.0,0.0,0.0,0.0
6947,0,0,0,0,0,0,0.0,0.0,0.0,0.0,0.0,0.0
18816,0,0,0,0,0,0,0.0,0.0,0.0,0.0,0.0,0.0
1019,0,0,0,0,0,0,0.0,0.0,0.0,0.0,0.0,0.0
1230,0,0,0,0,0,0,0.0,0.0,0.0,0.0,0.0,0.0
5383,0,0,0,0,0,0,0.0,0.0,0.0,0.0,0.0,0.0
3737,0,0,0,0,0,0,0.0,0.0,0.0,0.0,0.0,0.0
15649,0,0,0,0,0,0,0.0,0.0,0.0,0.0,0.0,0.0
11775,0,0,0,0,0,0,0.0,0.0,0.0,0.0,0.0,0.0
11404,0,0,0,0,0,0,0.0,0.0,0.0,0.0,0.0,0.0
2009,0,0,0,0,0,0,0.0,0.0,0.0,0.0,0.0,0.0
5993,0,0,0,0,0,0,0.0,0.0,0.0,0.0,0.0,0.0
12975,0,0,0,0,0,0,0.0,0.0,0.0,0.0,0.0,0.0
15330,0,0,0,0,0,0,0.0,0.0,0.0,0.0,0.0,0.0
4815,0,0,0,0,0,0,0.0,0.0,0.0,0.0,0.0,0.0
6003,0,0,0,0,0,0,0.0,0.0,0.0,0.0,0.0,0.0
1572,0,0,0,0,0,0,0.0,0.0,0.0,0.0,0.0,0.0
1881,0,0,0,0,0,0,0.0,0.0,0.0,0.0,0.0,0.0
10825,0,0,0,0,0,0,0.0,0.0,0.0,0.0,0.0,0.0
7627,0,0,0,0,0,0,0.0,0.0,0.0,0.0,0.0,0.0
14744,0,0,0,0,0,0,0.0,0.0,0.0,0.0,0.0,0.0
10222,0,0,0,0,0,0,0.0,0.0,0.0,0.0,0.0,0.0
12592,0,0,0,0,0,0,0.0,0.0,0.0,0.0,0.0,0.0
6285,0,0,0,0,0,0,0.0,0.0,0.0,0.0,0.0,0.0
5174,0,0,0,0,0,0,0.0,0.0,0.0,0.0,0.0,0.0
9859,0,0,0,0,0,0,0.0,0.0,0.0,0.0,0.0,0.0
3144,0,0,0,0,0,0,0.0,0.0,0.0,0.0,0.0,0.0
12330,0,0,0,0,0,0,0.0,0.0,0.0,0.0,0.0,0.0
3085,0,0,0,0,0,0,0.0,0.0,0.0,0.0,0.0,0.0
1962,0,0,0,0,0,0,0.0,0.0,0.0,0.0,0.0,0.0
18496,0,0,0,0,0,0,0.0,0.0,0.0,0.0,0.0,0.0
12495,0,0,0,1,0,0,0.0,0.0,0.0,0.0,0.0,0.0
15687,0,0,0,0,0,0,0.0,0.0,0.0,0.0,0.0,0.0
5519,0,0,0,0,0,0,0.0,0.0,0.0,0.0,0.0,0.0
14264,0,0,0,0,0,0,0.0,0.0,0.0,0.0,0.0,0.0
10828,0,0,0,0,0,0,0.0,0.0,0.0,0.0,0.0,0.0
10577,0,0,0,0,0,0,0.0,0.0,0.0,0.0,0.0,0.0
2136,0,0,0,0,0,0,0.0,0.0,0.0,0.0,0.0,0.0
3114,0,0,0,0,0,0,0.0,0.0,0.0,0.0,0.0,0.0
6322,0,0,0,0,0,0,0.0,0.0,0.0,0.0,0.0,0.0
10147,0,0,0,0,0,0,0.0,0.0,0.0,0.0,0.0,0.0
3476,0,0,0,0,0,0,0.0,0.0,0.0,0.0,0.0,0.0
10867,0,0,0,0,0,0,0.0,0.0,0.0,0.0,0.0,0.0
1526,0,0,0,0,0,0,0.0,0.0,0.0,0.0,0.0,0.0
13682,0,0,0,0,0,0,0.0,0.0,0.0,0.0,0.0,0.0
8154,0,0,0,0,0,0,0.0,0.0,0.0,0.0,0.0,0.0
1324,0,0,0,0,0,0,0.0,0.0,0.0,0.0,0.0,0.0
5301,0,0,0,0,0,0,0.0,0.0,0.0,0.0,0.0,0.0
4322,0,0,0,0,0,0,0.0,0.0,0.0,0.0,0.0,0.0
11915,0,0,0,0,0,0,0.0,0.0,0.0,0.0,0.0,0.0
14907,0,0,0,0,0,0,0.0,0.0,0.0,0.0,0.0,0.0
8105,0,0,0,0,0,0,0.0,0.0,0.0,0.0,0.0,0.0
8898,0,0,0,0,0,0,0.0,0.0,0.0,0.0,0.0,0.0
15575,0,0,0,0,0,0,0.0,0.0,0.0,0.0,0.0,0.0
12757,0,0,0,0,0,0,0.0,0.0,0.0,0.0,0.0,0.0
19486,0,0,0,0,0,0,0.0,0.0,0.0,0.0,0.0,0.0
11529,0,0,0,0,0,0,0.0,0.0,0.0,0.0,0.0,0.0
3913,0,0,0,0,0,0,0.0,0.0,0.0,0.0,0.0,0.0
12634,0,0,0,0,0,0,0.0,0.0,0.0,0.0,0.0,0.0
2980,0,0,0,0,0,0,0.0,0.0,0.0,0.0,0.0,0.0
8036,0,0,0,0,0,0,0.0,0.0,0.0,0.0,0.0,0.0
2954,0,0,0,0,0,0,0.0,0.0,0.0,0.0,0.0,0.0
676,0,0,0,0,0,0,0.0,0.0,0.0,0.0,0.0,0.0
17065,0,0,0,0,0,0,0.0,0.0,0.0,0.0,0.0,0.0
5148,0,0,0,0,0,0,0.0,0.0,0.0,0.0,0.0,0.0
5862,0,0,0,0,0,0,0.0,0.0,0.0,0.0,0.0,0.0
6493,0,0,0,0,0,0,0.0,0.0,0.0,0.0,0.0,0.0
2398,0,0,0,0,0,0,0.0,0.0,0.0,0.0,0.0,0.0
5869,0,0,0,0,0,0,0.0,0.0,0.0,0.0,0.0,0.0
3923,0,0,0,0,0,0,0.0,0.0,0.0,0.0,0.0,0.0
4767,0,0,0,0,0,0,0.0,0.0,0.0,0.0,0.0,0.0
9274,0,0,0,0,0,0,0.0,0.0,0.0,0.0,0.0,0.0
14269,0,0,0,0,0,0,0.0,0.0,0.0,0.0,0.0,0.0
17945,0,0,0,0,0,0,0.0,0.0,0.0,0.0,0.0,0.0
3272,0,0,0,0,0,0,0.0,0.0,0.0,0.0,0.0,0.0
2723,0,0,0,0,0,0,0.0,0.0,0.0,0.0,0.0,0.0
12409,0,0,0,0,0,0,0.0,0.0,0.0,0.0,0.0,0.0
18593,0,0,0,0,0,0,0.0,0.0,0.0,0.0,0.0,0.0
12779,0,0,0,0,0,0,0.0,0.0,0.0,0.0,0.0,0.0
5549,0,0,0,0,0,0,0.0,0.0,0.0,0.0,0.0,0.0
6547,0,0,0,0,0,0,0.0,0.0,0.0,0.0,0.0,0.0
6242,0,0,0,0,0,0,0.0,0.0,0.0,0.0,0.0,0.0
4932,0,0,0,0,0,0,0.0,0.0,0.0,0.0,0.0,0.0
17779,0,0,0,0,0,0,0.0,0.0,0.0,0.0,0.0,0.0
12920,0,0,0,0,0,0,0.0,0.0,0.0,0.0,0.0,0.0
18606,0,0,0,0,0,0,0.0,0.0,0.0,0.0,0.0,0.0
6069,0,0,0,0,0,0,0.0,0.0,0.0,0.0,0.0,0.0
18806,0,0,0,0,0,0,0.0,0.0,0.0,0.0,0.0,0.0
2164,0,0,0,0,0,0,0.0,0.0,0.0,0.0,0.0,0.0
2999,0,0,0,0,0,0,0.0,0.0,0.0,0.0,0.0,0.0
5347,0,0,0,0,0,0,0.0,0.0,0.0,0.0,0.0,0.0
14400,0,0,0,0,0,0,0.0,0.0,0.0,0.0,0.0,0.0
14356,0,0,0,0,0,0,0.0,0.0,0.0,0.0,0.0,0.0
8567,0,0,0,0,0,0,0.0,0.0,0.0,0.0,0.0,0.0
3337,0,0,0,1,0,0,0.0,0.0,0.0,0.0,0.0,0.0
132,0,0,0,0,0,0,0.0,0.0,0.0,0.0,0.0,0.0
4736,0,0,0,0,0,0,0.0,0.0,0.0,0.0,0.0,0.0
11425,0,0,0,0,0,0,0.0,0.0,0.0,0.0,0.0,0.0
15888,0,0,0,0,0,0,0.0,0.0,0.0,0.0,0.0,0.0
8563,0,0,0,0,0,0,0.0,0.0,0.0,0.0,0.0,0.0
19570,0,0,0,0,0,0,0.0,0.0,0.0,0.0,0.0,0.0
17830,0,0,0,0,0,0,0.0,0.0,0.0,0.0,0.0,0.0
10766,0,0,0,0,0,0,0.0,0.0,0.0,0.0,0.0,0.0
13319,0,0,0,0,0,0,0.0,0.0,0.0,0.0,0.0,0.0
512,0,0,0,0,0,0,0.0,0.0,0.0,0.0,0.0,0.0
4777,0,0,0,0,0,0,0.0,0.0,0.0,0.0,0.0,0.0
13417,0,0,0,0,0,0,0.0,0.0,0.0,0.0,0.0,0.0
12070,0,0,0,0,0,0,0.0,0.0,0.0,0.0,0.0,0.0
19026,0,0,0,0,0,0,0.0,0.0,0.0,0.0,0.0,0.0
19462,0,0,0,0,0,0,0.0,0.0,0.0,0.0,0.0,0.0
15702,0,0,0,0,0,0,0.0,0.0,0.0,0.0,0.0,0.0
14401,0,0,0,0,0,0,0.0,0.0,0.0,0.0,0.0,0.0
4740,0,0,0,0,0,0,0.0,0.0,0.0,0.0,0.0,0.0
17491,0,0,0,0,0,0,0.0,0.0,0.0,0.0,0.0,0.0
3226,0,0,0,0,0,0,0.0,0.0,0.0,0.0,0.0,0.0
18832,0,0,0,0,0,0,0.0,0.0,0.0,0.0,0.0,0.0
10011,0,0,0,0,0,0,0.0,0.0,0.0,0.0,0.0,0.0
15885,0,0,0,0,0,0,0.0,0.0,0.0,0.0,0.0,0.0
836,0,0,0,0,0,0,0.0,0.0,0.0,0.0,0.0,0.0
18166,0,0,0,0,0,0,0.0,0.0,0.0,0.0,0.0,0.0
5780,0,0,0,0,0,0,0.0,0.0,0.0,0.0,0.0,0.0
16350,0,0,0,0,0,0,0.0,0.0,0.0,0.0,0.0,0.0
17932,0,0,0,0,0,0,0.0,0.0,0.0,0.0,0.0,0.0
17883,0,0,0,0,0,0,0.0,0.0,0.0,0.0,0.0,0.0
16838,0,0,0,0,0,0,0.0,0.0,0.0,0.0,0.0,0.0
79,0,0,0,0,0,0,0.0,0.0,0.0,0.0,0.0,0.0
17628,0,0,0,0,0,0,0.0,0.0,0.0,0.0,0.0,0.0
1049,0,0,0,0,0,0,0.0,0.0,0.0,0.0,0.0,0.0
16982,0,0,0,0,0,0,0.0,0.0,0.0,0.0,0.0,0.0
8571,0,0,0,0,0,0,0.0,0.0,0.0,0.0,0.0,0.0
11564,0,0,0,0,0,1,0.0,0.0,0.0,0.0,0.0,0.0
16585,0,0,0,0,0,0,0.0,0.0,0.0,0.0,0.0,0.0
18004,0,0,0,0,0,0,0.0,0.0,0.0,0.0,0.0,0.0
899,0,0,0,0,0,0,0.0,0.0,0.0,0.0,0.0,0.0
16874,0,0,0,0,0,0,0.0,0.0,0.0,0.0,0.0,0.0
10344,0,0,0,0,0,1,0.0,0.0,0.0,0.0,0.0,1.0
783,0,0,0,0,0,0,0.0,0.0,0.0,0.0,0.0,0.0
11847,0,0,0,0,0,0,0.0,0.0,0.0,0.0,0.0,0.0
19793,0,0,0,0,0,0,0.0,0.0,0.0,0.0,0.0,0.0
3089,0,0,0,0,0,0,0.0,0.0,0.0,0.0,0.0,0.0
1566,0,0,0,0,0,0,0.0,0.0,0.0,0.0,0.0,0.0
8026,0,0,0,0,0,0,0.0,0.0,0.0,0.0,0.0,0.0
116,0,0,0,0,0,0,0.0,0.0,0.0,0.0,0.0,0.0
7228,0,0,0,0,0,0,0.0,0.0,0.0,0.0,0.0,0.0
10341,0,0,0,0,1,0,0.0,0.0,0.0,0.0,0.0,1.0
6431,0,0,0,0,0,0,0.0,0.0,0.0,0.0,0.0,0.0
7054,0,0,0,0,0,0,0.0,0.0,0.0,0.0,0.0,0.0
11975,0,0,0,0,0,0,0.0,0.0,0.0,0.0,0.0,0.0
4487,0,0,0,0,0,0,0.0,0.0,0.0,0.0,0.0,0.0
841,0,0,0,0,0,0,0.0,0.0,0.0,0.0,0.0,0.0
15952,0,0,0,0,0,0,0.0,0.0,0.0,0.0,0.0,0.0
1827,0,0,0,0,0,0,0.0,0.0,0.0,0.0,0.0,0.0
2127,0,0,0,0,0,0,0.0,0.0,0.0,0.0,0.0,0.0
19774,0,0,0,0,0,0,0.0,0.0,0.0,0.0,0.0,0.0
9654,0,0,0,0,0,0,0.0,0.0,0.0,0.0,0.0,0.0
11421,0,0,0,0,0,0,0.0,0.0,0.0,0.0,0.0,0.0
7954,0,0,0,0,1,0,0.0,0.0,0.0,0.0,0.0,0.0
8393,0,0,0,0,0,0,0.0,0.0,0.0,0.0,0.0,0.0
5244,0,0,0,0,0,0,0.0,0.0,0.0,0.0,0.0,0.0
5250,0,0,0,0,0,0,0.0,0.0,0.0,0.0,0.0,0.0
5441,0,0,0,0,0,0,0.0,0.0,0.0,0.0,0.0,0.0
11590,0,0,0,0,0,0,0.0,0.0,0.0,0.0,0.0,0.0
10799,0,0,0,0,0,0,0.0,0.0,0.0,0.0,0.0,0.0
8031,0,0,0,0,0,0,0.0,0.0,0.0,0.0,0.0,0.0
15485,0,0,0,0,0,0,0.0,0.0,0.0,0.0,0.0,0.0
9065,0,0,0,0,0,0,0.0,0.0,0.0,0.0,0.0,0.0
19033,0,0,0,0,0,0,0.0,0.0,0.0,0.0,0.0,0.0
9026,0,0,0,0,0,0,0.0,0.0,0.0,0.0,0.0,0.0
1660,0,0,0,0,0,0,0.0,0.0,0.0,0.0,0.0,0.0
19199,0,0,0,0,0,0,0.0,0.0,0.0,0.0,0.0,0.0
12179,0,0,0,0,0,0,0.0,0.0,0.0,0.0,0.0,0.0
5187,0,0,0,0,0,0,0.0,0.0,0.0,0.0,0.0,0.0
10674,0,0,0,0,0,0,0.0,0.0,0.0,0.0,0.0,0.0
15149,0,0,0,0,0,0,0.0,0.0,0.0,0.0,0.0,0.0
18941,0,0,0,0,0,0,0.0,0.0,0.0,0.0,0.0,0.0
15066,0,0,0,0,0,0,0.0,0.0,0.0,0.0,0.0,0.0
5677,0,0,0,0,0,0,0.0,0.0,0.0,0.0,0.0,0.0
3048,0,0,0,0,0,0,0.0,0.0,0.0,0.0,0.0,0.0
9901,0,0,0,0,0,0,0.0,0.0,0.0,0.0,0.0,0.0
2124,0,0,0,0,0,0,0.0,0.0,0.0,0.0,0.0,0.0
14129,0,0,0,0,0,0,0.0,0.0,0.0,0.0,0.0,0.0
17152,0,0,0,0,0,0,0.0,0.0,0.0,0.0,0.0,0.0
19195,0,0,0,0,0,0,0.0,0.0,0.0,0.0,0.0,0.0
13262,0,0,0,0,0,0,0.0,0.0,0.0,0.0,0.0,0.0
1234,0,0,0,0,0,0,0.0,0.0,0.0,0.0,0.0,0.0
7283,0,0,0,0,0,0,0.0,0.0,0.0,0.0,0.0,0.0
3560,0,0,0,0,0,0,0.0,0.0,0.0,0.0,0.0,0.0
2347,0,0,0,0,0,0,0.0,0.0,0.0,0.0,0.0,0.0
13930,0,0,0,0,0,0,0.0,0.0,0.0,0.0,0.0,0.0
2216,0,0,0,0,0,0,0.0,0.0,0.0,0.0,0.0,0.0
16594,0,0,0,0,0,0,0.0,0.0,0.0,0.0,0.0,0.0
6236,0,0,0,0,0,0,0.0,0.0,0.0,0.0,0.0,0.0
5169,0,0,0,0,0,0,0.0,0.0,0.0,0.0,0.0,0.0
6911,0,0,0,0,0,0,0.0,0.0,0.0,0.0,0.0,0.0
3427,0,0,0,0,0,0,0.0,0.0,0.0,0.0,0.0,0.0
326,0,0,0,0,0,0,0.0,0.0,0.0,0.0,0.0,0.0
16754,0,0,0,0,0,0,0.0,0.0,0.0,0.0,0.0,0.0
6122,0,0,0,0,0,0,0.0,0.0,0.0,0.0,0.0,0.0
19750,0,0,0,0,0,0,0.0,0.0,0.0,0.0,0.0,0.0
15331,0,0,0,0,0,0,0.0,0.0,0.0,0.0,0.0,0.0
5809,0,0,0,0,0,0,0.0,0.0,0.0,0.0,0.0,0.0
6515,0,0,0,0,0,0,0.0,0.0,0.0,0.0,0.0,0.0
6532,0,0,0,0,0,0,0.0,0.0,0.0,0.0,0.0,0.0
7454,0,0,0,0,0,0,0.0,0.0,0.0,0.0,0.0,0.0
18353,0,0,0,0,0,0,0.0,0.0,0.0,0.0,0.0,0.0
2590,0,0,0,0,0,0,0.0,0.0,0.0,0.0,0.0,0.0
14869,0,0,0,0,0,0,0.0,0.0,0.0,0.0,0.0,0.0
14326,0,0,0,0,0,0,0.0,0.0,0.0,0.0,0.0,0.0
733,0,0,0,0,0,0,0.0,0.0,0.0,0.0,0.0,0.0
5117,0,0,0,0,0,0,0.0,0.0,0.0,0.0,0.0,0.0
7749,0,0,0,0,0,0,0.0,0.0,0.0,0.0,0.0,0.0
10819,0,0,0,0,0,0,0.0,0.0,0.0,0.0,0.0,0.0
17707,0,0,0,0,0,0,0.0,0.0,0.0,0.0,0.0,0.0
17728,0,0,0,0,0,0,0.0,0.0,0.0,0.0,0.0,0.0
5343,0,0,0,0,0,0,0.0,0.0,0.0,0.0,0.0,0.0
11945,0,0,0,0,0,0,0.0,0.0,0.0,0.0,0.0,0.0
870,0,0,0,0,0,0,0.0,0.0,0.0,0.0,0.0,0.0
16815,0,0,0,0,0,0,0.0,0.0,0.0,0.0,0.0,0.0
14601,0,0,0,0,0,0,0.0,0.0,0.0,0.0,0.0,0.0
16215,0,0,0,0,0,0,0.0,0.0,0.0,0.0,0.0,0.0
4054,0,0,0,0,0,0,0.0,0.0,0.0,0.0,0.0,0.0
3459,0,0,0,0,0,0,0.0,0.0,0.0,0.0,0.0,0.0
4464,0,0,0,0,0,0,0.0,0.0,0.0,0.0,0.0,0.0
16689,0,0,0,0,0,0,0.0,0.0,0.0,0.0,0.0,0.0
15106,0,0,0,0,0,0,0.0,0.0,0.0,0.0,0.0,0.0
9882,0,0,0,0,0,0,0.0,0.0,0.0,0.0,0.0,0.0
13412,0,0,0,0,1,0,0.0,0.0,0.0,0.0,0.0,0.0
3900,0,0,0,0,0,0,0.0,0.0,0.0,0.0,0.0,0.0
1523,0,0,0,0,0,0,0.0,0.0,0.0,0.0,0.0,0.0
3523,0,0,0,0,0,0,0.0,0.0,0.0,0.0,0.0,0.0
15167,0,0,0,0,0,0,0.0,0.0,0.0,0.0,0.0,0.0
3929,0,0,0,0,0,0,0.0,0.0,0.0,0.0,0.0,0.0
19201,0,0,0,0,0,0,0.0,0.0,0.0,0.0,0.0,0.0
7041,0,0,0,0,0,0,0.0,0.0,0.0,0.0,0.0,0.0
8891,0,0,0,0,0,0,0.0,0.0,0.0,0.0,0.0,0.0
7035,0,0,0,0,1,0,0.0,0.0,0.0,0.0,0.0,0.0
5037,0,0,0,0,0,0,0.0,0.0,0.0,0.0,0.0,0.0
84,0,0,0,0,0,0,0.0,0.0,0.0,0.0,0.0,0.0
1781,0,0,0,0,0,0,0.0,0.0,0.0,0.0,0.0,0.0
8096,0,0,0,0,0,0,0.0,0.0,0.0,0.0,0.0,0.0
1885,0,0,0,0,0,0,0.0,0.0,0.0,0.0,0.0,0.0
2766,0,0,0,0,0,0,0.0,0.0,0.0,0.0,0.0,0.0
14763,0,0,0,0,0,0,0.0,0.0,0.0,0.0,0.0,0.0
17482,0,0,0,0,0,0,0.0,0.0,0.0,0.0,0.0,0.0
6309,0,0,0,0,0,0,0.0,0.0,0.0,0.0,0.0,0.0
12633,0,0,0,0,0,1,0.0,0.0,0.0,0.0,0.0,1.0
11803,0,0,0,0,0,0,0.0,0.0,0.0,0.0,0.0,0.0
14447,0,0,0,0,0,0,0.0,0.0,0.0,0.0,0.0,0.0
14636,0,0,0,0,0,0,0.0,0.0,0.0,0.0,0.0,0.0
4925,0,0,0,0,0,0,0.0,0.0,0.0,0.0,0.0,0.0
16232,0,0,0,0,0,0,0.0,0.0,0.0,0.0,0.0,0.0
17875,0,0,0,0,0,0,0.0,0.0,0.0,0.0,0.0,0.0
19037,0,0,0,0,0,0,0.0,0.0,0.0,0.0,0.0,0.0
7436,0,0,0,0,0,0,0.0,0.0,0.0,0.0,0.0,0.0
2904,0,0,0,0,0,0,0.0,0.0,0.0,0.0,0.0,0.0
760,0,0,0,0,0,0,0.0,0.0,0.0,0.0,0.0,0.0
9746,0,0,0,0,0,0,0.0,0.0,0.0,0.0,0.0,0.0
17818,0,0,0,0,0,0,0.0,0.0,0.0,0.0,0.0,0.0
8685,0,0,0,0,0,0,0.0,0.0,0.0,0.0,0.0,0.0
1216,0,0,0,0,0,0,0.0,0.0,0.0,0.0,0.0,0.0
16561,0,0,0,0,0,0,0.0,0.0,0.0,0.0,0.0,0.0
15029,0,0,0,0,0,0,0.0,0.0,0.0,0.0,0.0,0.0
17787,0,0,0,0,0,0,0.0,0.0,0.0,0.0,0.0,0.0
6209,0,0,0,0,0,0,0.0,0.0,0.0,0.0,0.0,0.0
8675,0,0,0,0,1,0,0.0,0.0,0.0,0.0,0.0,0.0
7108,0,0,0,0,0,0,0.0,0.0,0.0,0.0,0.0,0.0
7,0,0,0,0,0,0,0.0,0.0,0.0,0.0,0.0,0.0
5344,0,0,0,0,0,0,0.0,0.0,0.0,0.0,0.0,0.0
371,0,0,0,0,0,0,0.0,0.0,0.0,0.0,0.0,0.0
16266,0,0,0,0,0,0,0.0,0.0,0.0,0.0,0.0,0.0
16231,0,0,0,0,0,0,0.0,0.0,0.0,0.0,0.0,0.0
1113,0,0,0,0,0,0,0.0,0.0,0.0,0.0,0.0,0.0
19471,0,0,0,0,0,0,0.0,0.0,0.0,0.0,0.0,0.0
423,0,0,0,0,0,0,0.0,0.0,0.0,0.0,0.0,0.0
19536,0,0,0,0,0,0,0.0,0.0,0.0,0.0,0.0,0.0
8613,0,0,0,0,0,0,0.0,0.0,0.0,0.0,0.0,0.0
1892,0,0,0,0,0,0,0.0,0.0,0.0,0.0,0.0,0.0
16920,0,0,0,0,0,0,0.0,0.0,0.0,0.0,0.0,0.0
8649,0,0,0,0,0,0,0.0,0.0,0.0,0.0,0.0,0.0
7098,0,0,0,0,0,0,0.0,0.0,0.0,0.0,0.0,0.0
13761,0,0,0,0,0,0,0.0,0.0,0.0,0.0,0.0,0.0
2855,0,0,0,0,0,0,0.0,0.0,0.0,0.0,0.0,0.0
18905,0,0,0,0,0,0,0.0,0.0,0.0,0.0,0.0,0.0
8089,0,0,0,0,0,0,0.0,0.0,0.0,0.0,0.0,0.0
16654,0,0,0,0,0,0,0.0,0.0,0.0,0.0,0.0,0.0
15080,0,0,0,0,0,0,0.0,0.0,0.0,0.0,0.0,0.0
9033,0,0,0,0,0,0,0.0,0.0,0.0,0.0,0.0,0.0
14474,0,0,0,0,0,0,0.0,0.0,0.0,0.0,0.0,0.0
5011,0,0,0,0,0,0,0.0,0.0,0.0,0.0,0.0,0.0
3119,0,0,0,0,0,0,0.0,0.0,0.0,0.0,0.0,0.0
10154,0,0,0,0,0,0,0.0,0.0,0.0,0.0,0.0,0.0
2629,0,0,0,0,0,0,0.0,0.0,0.0,0.0,0.0,0.0
17816,0,0,0,0,0,0,0.0,0.0,0.0,0.0,0.0,0.0
1197,0,0,0,0,0,0,0.0,0.0,0.0,0.0,0.0,0.0
9728,0,0,0,0,0,0,0.0,0.0,0.0,0.0,0.0,0.0
10594,0,0,0,0,0,0,0.0,0.0,0.0,0.0,0.0,0.0
15997,0,0,0,0,0,0,0.0,0.0,0.0,0.0,0.0,0.0
19534,0,0,0,0,0,0,0.0,0.0,0.0,0.0,0.0,0.0
10389,0,0,0,0,0,0,0.0,0.0,0.0,0.0,0.0,0.0
18472,0,0,0,0,0,0,0.0,0.0,0.0,0.0,0.0,0.0
4664,0,0,0,0,0,0,0.0,0.0,0.0,0.0,0.0,0.0
14243,0,1,0,0,0,0,0.0,0.0,0.0,0.0,0.0,0.0
9641,0,0,0,0,0,0,0.0,0.0,0.0,0.0,0.0,0.0
16940,0,0,0,0,0,0,0.0,0.0,0.0,0.0,0.0,0.0
723,0,0,0,0,0,0,0.0,0.0,0.0,0.0,0.0,0.0
4315,0,0,0,0,0,0,0.0,0.0,0.0,0.0,0.0,0.0
9298,0,0,0,0,0,0,0.0,0.0,0.0,0.0,0.0,0.0
19654,0,0,0,0,0,0,0.0,0.0,0.0,0.0,0.0,0.0
2206,0,0,0,0,0,0,0.0,0.0,0.0,0.0,0.0,0.0
17931,0,0,0,0,0,0,0.0,0.0,0.0,0.0,0.0,0.0
3496,0,0,0,0,0,0,0.0,0.0,0.0,0.0,0.0,0.0
18070,0,0,0,0,0,0,0.0,0.0,0.0,0.0,0.0,0.0
14880,0,0,0,0,0,0,0.0,0.0,0.0,0.0,0.0,0.0
2823,0,0,0,0,0,0,0.0,0.0,0.0,0.0,0.0,0.0
19771,0,0,0,0,0,0,0.0,0.0,0.0,0.0,0.0,0.0
8499,0,0,0,0,0,0,0.0,0.0,0.0,0.0,0.0,0.0
10029,0,0,0,0,0,0,0.0,0.0,0.0,0.0,0.0,0.0
3095,0,0,0,0,0,0,0.0,0.0,0.0,0.0,0.0,0.0
4563,0,0,0,0,0,0,0.0,0.0,0.0,0.0,0.0,0.0
14469,0,0,0,0,0,0,0.0,0.0,0.0,0.0,0.0,0.0
1055,0,0,0,0,0,0,0.0,0.0,0.0,0.0,0.0,0.0
16822,0,0,0,0,0,0,0.0,0.0,0.0,0.0,0.0,0.0
12962,0,0,0,0,0,0,0.0,0.0,0.0,0.0,0.0,0.0
10013,0,0,0,0,0,0,0.0,0.0,0.0,0.0,0.0,0.0
7477,0,0,0,0,0,0,0.0,0.0,0.0,0.0,0.0,0.0
16111,0,0,0,0,0,0,0.0,0.0,0.0,0.0,0.0,0.0
18490,0,0,0,0,0,0,0.0,0.0,0.0,0.0,0.0,0.0
7461,0,0,0,0,0,0,0.0,0.0,0.0,0.0,0.0,0.0
5707,0,0,0,0,0,0,0.0,0.0,0.0,0.0,0.0,0.0
2186,0,0,0,0,0,0,0.0,0.0,0.0,0.0,0.0,0.0
10596,0,0,0,0,0,0,0.0,0.0,0.0,0.0,0.0,0.0
9253,0,0,0,0,0,0,0.0,0.0,0.0,0.0,0.0,0.0
6585,0,0,0,1,0,0,0.0,0.0,0.0,0.0,0.0,0.0
17552,0,0,0,0,0,0,0.0,0.0,0.0,0.0,0.0,0.0
9419,0,0,0,0,0,0,0.0,0.0,0.0,0.0,0.0,0.0
4693,0,0,0,0,0,0,0.0,0.0,0.0,0.0,0.0,0.0
263,0,0,0,0,0,0,0.0,0.0,0.0,0.0,0.0,0.0
819,0,0,0,0,0,0,0.0,0.0,0.0,0.0,0.0,0.0
4826,0,0,0,0,0,0,0.0,0.0,0.0,0.0,0.0,0.0
10443,0,0,0,0,0,0,0.0,0.0,0.0,0.0,0.0,0.0
9383,0,0,0,0,0,0,0.0,0.0,0.0,0.0,0.0,0.0
16891,0,0,0,0,0,0,0.0,0.0,0.0,0.0,0.0,0.0
4389,0,0,0,0,0,0,0.0,0.0,0.0,0.0,0.0,0.0
7593,0,0,0,0,0,0,0.0,0.0,0.0,0.0,0.0,0.0
6057,0,0,0,0,0,0,0.0,0.0,0.0,0.0,0.0,0.0
5353,0,0,0,0,0,0,0.0,0.0,0.0,0.0,0.0,0.0
18267,0,0,0,0,0,0,0.0,0.0,0.0,0.0,0.0,0.0
19330,0,0,0,0,0,0,0.0,0.0,0.0,0.0,0.0,0.0
17596,0,0,0,0,0,0,0.0,0.0,0.0,0.0,0.0,0.0
11873,0,0,0,0,0,0,0.0,0.0,0.0,0.0,0.0,0.0
13295,0,0,0,0,0,0,0.0,0.0,0.0,0.0,0.0,0.0
955,0,0,0,0,0,0,0.0,0.0,0.0,0.0,0.0,0.0
19303,0,0,0,0,0,0,0.0,0.0,0.0,0.0,0.0,0.0
7988,0,0,0,0,0,0,0.0,0.0,0.0,0.0,0.0,0.0
4647,0,0,0,0,0,0,0.0,0.0,0.0,0.0,0.0,0.0
545,0,0,0,0,0,0,0.0,0.0,0.0,0.0,0.0,0.0
19820,0,0,0,0,0,0,0.0,0.0,0.0,0.0,0.0,0.0
9867,0,0,0,0,0,0,0.0,0.0,0.0,0.0,0.0,0.0
206,0,0,0,0,0,0,0.0,0.0,0.0,0.0,0.0,0.0
4440,0,0,0,0,0,0,0.0,0.0,0.0,0.0,0.0,0.0
14879,0,0,0,0,0,0,0.0,0.0,0.0,0.0,0.0,0.0
391,0,0,0,0,0,0,0.0,0.0,0.0,0.0,0.0,0.0
15138,0,0,0,0,0,0,0.0,0.0,0.0,0.0,0.0,0.0
12551,0,0,0,0,0,0,0.0,0.0,0.0,0.0,0.0,0.0
10595,0,0,0,0,0,0,0.0,0.0,0.0,0.0,0.0,0.0
10726,0,0,0,0,0,0,0.0,0.0,0.0,0.0,0.0,0.0
11916,0,0,0,0,0,0,0.0,0.0,0.0,0.0,0.0,0.0
8669,0,0,0,0,0,0,0.0,0.0,0.0,0.0,0.0,0.0
19311,0,0,0,0,0,0,0.0,0.0,0.0,0.0,0.0,0.0
9572,0,0,0,0,0,0,0.0,0.0,0.0,0.0,0.0,0.0
14192,0,0,0,0,0,0,0.0,0.0,0.0,0.0,0.0,0.0
13490,0,0,0,0,0,0,0.0,0.0,0.0,0.0,0.0,0.0
8786,0,0,0,0,0,0,0.0,0.0,0.0,0.0,0.0,0.0
2480,0,0,0,0,0,0,0.0,0.0,0.0,0.0,0.0,0.0
3475,0,0,0,0,0,0,0.0,0.0,0.0,0.0,0.0,0.0
13411,0,0,0,0,0,0,0.0,0.0,0.0,0.0,0.0,0.0
6138,0,0,0,0,0,0,0.0,0.0,0.0,0.0,0.0,0.0
14858,0,0,0,0,0,0,0.0,0.0,0.0,0.0,0.0,0.0
1192,0,0,0,0,0,0,0.0,0.0,0.0,0.0,0.0,0.0
8495,0,0,0,0,0,0,0.0,0.0,0.0,0.0,0.0,0.0
15938,0,0,0,0,0,0,0.0,0.0,0.0,0.0,0.0,0.0
4095,0,0,0,0,0,0,0.0,0.0,0.0,0.0,0.0,0.0
1355,0,0,0,0,0,0,0.0,0.0,0.0,0.0,0.0,0.0
5225,0,0,0,0,0,0,0.0,0.0,0.0,0.0,0.0,0.0
9341,0,0,0,0,0,0,0.0,0.0,0.0,0.0,0.0,0.0
647,0,0,0,0,0,0,0.0,0.0,0.0,0.0,0.0,0.0
471,0,0,0,0,0,0,0.0,0.0,0.0,0.0,0.0,0.0
8282,0,0,0,0,1,0,0.0,0.0,0.0,0.0,0.0,0.0
19262,0,0,0,0,0,0,0.0,0.0,0.0,0.0,0.0,0.0
2462,0,0,0,0,0,0,0.0,0.0,0.0,0.0,0.0,0.0
1104,0,0,0,0,0,0,0.0,0.0,0.0,0.0,0.0,0.0
18664,0,0,0,0,0,0,0.0,0.0,0.0,0.0,0.0,0.0
6074,0,0,0,0,0,0,0.0,0.0,0.0,0.0,0.0,0.0
3467,0,0,0,0,0,0,0.0,0.0,0.0,0.0,0.0,0.0
13162,0,0,0,0,0,0,0.0,0.0,0.0,0.0,0.0,0.0
17104,0,0,0,0,0,0,0.0,0.0,0.0,0.0,0.0,0.0
12956,0,0,0,0,0,0,0.0,0.0,0.0,0.0,0.0,0.0
14998,0,0,0,0,0,0,0.0,0.0,0.0,0.0,0.0,0.0
16609,0,0,0,0,0,0,0.0,0.0,0.0,0.0,0.0,0.0
323,0,0,0,0,0,0,0.0,0.0,0.0,0.0,0.0,0.0
3734,0,0,0,0,0,0,0.0,0.0,0.0,0.0,0.0,0.0
17410,0,0,0,0,0,0,0.0,0.0,0.0,0.0,0.0,0.0
15833,0,0,0,0,0,0,0.0,0.0,0.0,0.0,0.0,0.0
19043,0,0,0,0,0,0,0.0,0.0,0.0,0.0,0.0,0.0
18350,0,0,0,0,0,0,0.0,0.0,0.0,0.0,0.0,0.0
7701,0,0,0,0,0,0,0.0,0.0,0.0,0.0,0.0,0.0
19163,0,0,0,0,0,0,0.0,0.0,0.0,0.0,0.0,0.0
951,0,0,0,0,0,0,0.0,0.0,0.0,0.0,0.0,0.0
3363,0,0,0,0,0,0,0.0,0.0,0.0,0.0,0.0,0.0
2888,0,0,0,0,0,0,0.0,0.0,0.0,0.0,0.0,0.0
7479,0,0,0,0,0,0,0.0,0.0,0.0,0.0,0.0,0.0
16829,0,0,0,0,0,0,0.0,0.0,0.0,0.0,0.0,0.0
3885,0,0,0,0,0,0,0.0,0.0,0.0,0.0,0.0,0.0
5115,0,0,0,0,0,0,0.0,0.0,0.0,0.0,0.0,0.0
2427,0,0,0,0,0,0,0.0,0.0,0.0,0.0,0.0,0.0
17311,0,0,0,0,0,0,0.0,0.0,0.0,0.0,0.0,0.0
11063,0,0,0,0,0,0,0.0,0.0,0.0,0.0,0.0,0.0
1889,0,0,0,0,0,0,0.0,0.0,0.0,0.0,0.0,0.0
16890,0,0,0,0,0,0,0.0,0.0,0.0,0.0,0.0,0.0
19468,0,0,0,0,0,0,0.0,0.0,0.0,0.0,0.0,0.0
17424,0,0,0,0,0,0,0.0,0.0,0.0,0.0,0.0,0.0
14410,0,0,0,0,0,0,0.0,0.0,0.0,0.0,0.0,0.0
6043,0,0,0,0,0,0,0.0,0.0,0.0,0.0,0.0,0.0
607,0,0,0,0,0,0,0.0,0.0,0.0,0.0,0.0,0.0
13345,0,0,0,0,0,0,0.0,0.0,0.0,0.0,0.0,0.0
17804,0,0,0,0,0,0,0.0,0.0,0.0,0.0,0.0,0.0
17921,0,0,0,0,0,0,0.0,0.0,0.0,0.0,0.0,0.0
12114,0,0,0,0,0,0,0.0,0.0,0.0,0.0,0.0,0.0
11797,0,0,0,0,0,0,0.0,0.0,0.0,0.0,0.0,0.0
11559,0,0,0,0,0,0,0.0,0.0,0.0,0.0,0.0,0.0
8647,0,0,0,0,0,0,0.0,0.0,0.0,0.0,0.0,0.0
702,0,0,0,0,0,0,0.0,0.0,0.0,0.0,0.0,0.0
10663,0,0,0,0,0,0,0.0,0.0,0.0,0.0,0.0,0.0
4109,0,0,0,0,0,0,0.0,0.0,0.0,0.0,0.0,0.0
10572,0,0,0,0,0,0,0.0,0.0,0.0,0.0,0.0,0.0
4544,0,0,0,0,0,0,0.0,0.0,0.0,0.0,0.0,0.0
18880,0,0,0,0,0,0,0.0,0.0,0.0,0.0,0.0,0.0
1592,0,0,0,0,0,0,0.0,0.0,0.0,0.0,0.0,0.0
6233,0,0,0,0,0,0,0.0,0.0,0.0,0.0,0.0,0.0
2618,0,0,0,0,0,0,0.0,0.0,0.0,0.0,0.0,0.0
6103,0,0,0,0,0,0,0.0,0.0,0.0,0.0,0.0,0.0
4086,0,0,0,0,0,0,0.0,0.0,0.0,0.0,0.0,0.0
3552,0,0,0,0,0,0,0.0,0.0,0.0,0.0,0.0,0.0
11230,0,0,0,0,0,0,0.0,0.0,0.0,0.0,0.0,0.0
15401,0,0,0,0,0,0,0.0,0.0,0.0,0.0,0.0,0.0
7568,0,0,0,0,0,0,0.0,0.0,0.0,0.0,0.0,0.0
6583,0,0,0,0,1,0,0.0,0.0,0.0,0.0,0.0,0.0
1604,0,0,0,0,0,0,0.0,0.0,0.0,0.0,0.0,0.0
6383,0,0,0,0,0,0,0.0,0.0,0.0,0.0,0.0,0.0
10633,0,0,0,0,0,0,0.0,0.0,0.0,0.0,0.0,0.0
9281,0,0,0,0,0,0,0.0,0.0,0.0,0.0,0.0,0.0
16852,0,0,0,0,0,0,0.0,0.0,0.0,0.0,0.0,0.0
7971,0,0,0,0,0,0,0.0,0.0,0.0,0.0,0.0,0.0
4843,0,0,0,0,0,0,0.0,0.0,0.0,0.0,0.0,0.0
10597,0,0,0,0,0,0,0.0,0.0,0.0,0.0,0.0,0.0
17264,0,0,0,0,0,0,0.0,0.0,0.0,0.0,0.0,0.0
722,0,0,0,0,0,0,0.0,0.0,0.0,0.0,0.0,0.0
8730,0,0,0,0,1,0,0.0,0.0,0.0,0.0,0.0,0.0
18660,0,0,0,0,0,0,0.0,0.0,0.0,0.0,0.0,0.0
18801,0,0,0,0,0,0,0.0,0.0,0.0,0.0,0.0,0.0
21,0,0,0,0,0,0,0.0,0.0,0.0,0.0,0.0,0.0
7330,0,0,0,0,0,0,0.0,0.0,0.0,0.0,0.0,0.0
3700,0,0,0,0,0,0,0.0,0.0,0.0,0.0,0.0,0.0
16693,0,0,0,0,0,0,0.0,0.0,0.0,0.0,0.0,0.0
9407,0,0,0,0,0,0,0.0,0.0,0.0,0.0,0.0,0.0
851,0,0,0,0,0,0,0.0,0.0,0.0,0.0,0.0,0.0
2230,0,0,0,0,0,0,0.0,0.0,0.0,0.0,0.0,0.0
8710,0,0,0,0,0,0,0.0,0.0,0.0,0.0,0.0,0.0
5166,0,0,0,0,0,0,0.0,0.0,0.0,0.0,0.0,0.0
224,0,0,0,0,0,0,0.0,0.0,0.0,0.0,0.0,0.0
10012,0,0,0,0,0,0,0.0,0.0,0.0,0.0,0.0,0.0
4601,0,0,0,1,0,0,0.0,0.0,0.0,0.0,0.0,0.0
14468,0,0,0,1,0,0,0.0,0.0,0.0,0.0,0.0,0.0
586,0,0,0,0,0,0,0.0,0.0,0.0,0.0,0.0,0.0
16238,0,0,0,0,0,0,0.0,0.0,0.0,0.0,0.0,0.0
8028,0,0,0,0,0,0,0.0,0.0,0.0,0.0,0.0,0.0
2103,0,0,0,0,0,0,0.0,0.0,0.0,0.0,0.0,0.0
1034,0,0,0,0,0,0,0.0,0.0,0.0,0.0,0.0,0.0
14812,0,0,0,0,0,0,0.0,0.0,0.0,0.0,0.0,0.0
16931,0,0,0,0,0,0,0.0,0.0,0.0,0.0,0.0,0.0
14308,0,0,0,0,0,0,0.0,0.0,0.0,0.0,0.0,0.0
16556,0,0,0,0,0,0,0.0,0.0,0.0,0.0,0.0,0.0
8241,0,0,0,0,0,0,0.0,0.0,0.0,0.0,0.0,0.0
7814,0,0,0,0,0,0,0.0,0.0,0.0,0.0,0.0,0.0
3769,0,0,0,0,0,0,0.0,0.0,0.0,0.0,0.0,0.0
17720,0,0,0,0,0,0,0.0,0.0,0.0,0.0,0.0,0.0
4609,0,0,0,0,0,0,0.0,0.0,0.0,0.0,0.0,0.0
7667,0,0,0,0,0,0,0.0,0.0,0.0,0.0,0.0,0.0
2500,0,0,0,0,1,0,0.0,0.0,0.0,0.0,0.0,0.0
5609,0,0,0,0,0,0,0.0,0.0,0.0,0.0,0.0,0.0
7315,0,0,0,0,0,0,0.0,0.0,0.0,0.0,0.0,0.0
14451,0,0,0,0,0,0,0.0,0.0,0.0,0.0,0.0,0.0
3937,0,0,0,0,0,0,0.0,0.0,0.0,0.0,0.0,0.0
5701,0,0,0,0,0,0,0.0,0.0,0.0,0.0,0.0,0.0
18935,0,0,0,0,0,0,0.0,0.0,0.0,0.0,0.0,0.0
2659,0,0,0,0,0,0,0.0,0.0,0.0,0.0,0.0,0.0
5465,0,0,0,0,0,0,0.0,0.0,0.0,0.0,0.0,0.0
18771,0,0,0,0,0,0,0.0,0.0,0.0,0.0,0.0,0.0
6531,0,0,0,0,0,0,0.0,0.0,0.0,0.0,0.0,0.0
13776,0,0,0,0,0,0,0.0,0.0,0.0,0.0,0.0,0.0
11676,0,0,0,0,0,0,0.0,0.0,0.0,0.0,0.0,0.0
12707,0,0,0,0,0,1,0.0,0.0,0.0,0.0,0.0,0.0
10035,0,0,0,0,0,0,0.0,0.0,0.0,0.0,0.0,0.0
1269,0,0,0,0,0,0,0.0,0.0,0.0,0.0,0.0,0.0
1379,0,0,0,0,0,0,0.0,0.0,0.0,0.0,0.0,0.0
5546,0,0,0,0,0,0,0.0,0.0,0.0,0.0,0.0,0.0
6352,0,0,0,0,0,0,0.0,0.0,0.0,0.0,0.0,0.0
10686,0,0,0,0,0,0,0.0,0.0,0.0,0.0,0.0,0.0
381,0,0,0,0,0,0,0.0,0.0,0.0,0.0,0.0,0.0
14365,0,0,0,0,0,0,0.0,0.0,0.0,0.0,0.0,0.0
4424,0,0,0,0,0,0,0.0,0.0,0.0,0.0,0.0,0.0
12540,0,0,0,0,0,0,0.0,0.0,0.0,0.0,0.0,0.0
11084,0,0,0,0,0,0,0.0,0.0,0.0,0.0,0.0,0.0
4677,0,0,0,0,0,0,0.0,0.0,0.0,0.0,0.0,0.0
10342,0,0,0,0,0,1,0.0,0.0,0.0,0.0,0.0,0.0
7841,0,0,0,0,0,0,0.0,0.0,0.0,0.0,0.0,0.0
6037,0,0,0,0,0,0,0.0,0.0,0.0,0.0,0.0,0.0
14878,0,0,0,0,0,0,0.0,0.0,0.0,0.0,0.0,0.0
10204,0,0,0,0,0,0,0.0,0.0,0.0,0.0,0.0,0.0
4172,0,0,0,0,0,0,0.0,0.0,0.0,0.0,0.0,0.0
7473,0,0,0,0,0,0,0.0,0.0,0.0,0.0,0.0,0.0
2945,0,0,0,0,0,0,0.0,0.0,0.0,0.0,0.0,0.0
7258,0,0,0,0,0,0,0.0,0.0,0.0,0.0,0.0,0.0
5026,0,0,0,0,0,0,0.0,0.0,0.0,0.0,0.0,0.0
556,0,0,0,0,0,0,0.0,0.0,0.0,0.0,0.0,0.0
13946,0,0,0,0,0,0,0.0,0.0,0.0,0.0,0.0,0.0
9492,0,0,0,0,0,0,0.0,0.0,0.0,0.0,0.0,0.0
2506,0,0,0,0,0,0,0.0,0.0,0.0,0.0,0.0,0.0
3439,0,0,0,0,0,0,0.0,0.0,0.0,0.0,0.0,0.0
1879,0,0,0,0,0,0,0.0,0.0,0.0,0.0,0.0,0.0
9631,0,0,0,1,0,0,0.0,0.0,0.0,0.0,0.0,0.0
19519,0,0,0,0,0,0,0.0,0.0,0.0,0.0,0.0,0.0
17210,0,0,0,0,0,0,0.0,0.0,0.0,0.0,0.0,0.0
6608,0,0,0,0,0,0,0.0,0.0,0.0,0.0,0.0,0.0
11295,0,0,0,0,0,0,0.0,0.0,0.0,0.0,0.0,0.0
10734,0,0,0,0,0,0,0.0,0.0,0.0,0.0,0.0,0.0
8501,0,0,0,0,0,0,0.0,0.0,0.0,0.0,0.0,0.0
18296,0,0,0,0,0,0,0.0,0.0,0.0,0.0,0.0,0.0
11725,0,0,0,0,0,0,0.0,0.0,0.0,0.0,0.0,0.0
9190,0,0,0,0,0,0,0.0,0.0,0.0,0.0,0.0,0.0
1677,0,0,0,0,0,0,0.0,0.0,0.0,0.0,0.0,0.0
6816,0,0,0,0,0,0,0.0,0.0,0.0,0.0,0.0,0.0
7377,0,0,0,0,0,0,0.0,0.0,0.0,0.0,0.0,0.0
2864,0,0,0,0,0,0,0.0,0.0,0.0,0.0,0.0,0.0
2085,0,0,0,0,0,0,0.0,0.0,0.0,0.0,0.0,0.0
7148,0,0,0,0,0,0,0.0,0.0,0.0,0.0,0.0,0.0
5580,0,0,0,0,0,0,0.0,0.0,0.0,0.0,0.0,0.0
482,0,0,0,0,0,0,0.0,0.0,0.0,0.0,0.0,0.0
5636,0,0,0,0,0,0,0.0,0.0,0.0,0.0,0.0,0.0
3007,0,0,0,0,0,0,0.0,0.0,0.0,0.0,0.0,0.0
16430,0,0,0,0,0,0,0.0,0.0,0.0,0.0,0.0,0.0
2226,0,0,0,0,0,0,0.0,0.0,0.0,0.0,0.0,0.0
3384,0,0,0,0,0,0,0.0,0.0,0.0,0.0,0.0,0.0
18064,0,0,0,0,0,0,0.0,0.0,0.0,0.0,0.0,0.0
15349,0,0,0,0,0,0,0.0,0.0,0.0,0.0,0.0,0.0
8180,0,0,0,0,0,0,0.0,0.0,0.0,0.0,0.0,0.0
4017,0,0,0,1,0,0,0.0,0.0,0.0,0.0,0.0,0.0
12035,0,0,0,0,0,0,0.0,0.0,0.0,0.0,0.0,0.0
1303,0,0,0,0,0,0,0.0,0.0,0.0,0.0,0.0,0.0
127,0,0,0,0,0,0,0.0,0.0,0.0,0.0,0.0,0.0
18892,0,0,0,0,0,0,0.0,0.0,0.0,0.0,0.0,0.0
4314,0,0,0,0,0,0,0.0,0.0,0.0,0.0,0.0,0.0
7875,0,0,0,0,0,0,0.0,0.0,0.0,0.0,0.0,0.0
7938,0,0,0,0,0,0,0.0,0.0,0.0,0.0,0.0,0.0
11701,0,0,0,0,0,0,0.0,0.0,0.0,0.0,0.0,0.0
60,0,0,0,0,0,0,0.0,0.0,0.0,0.0,0.0,0.0
1908,0,0,0,0,0,0,0.0,0.0,0.0,0.0,0.0,0.0
18960,0,0,0,0,0,0,0.0,0.0,0.0,0.0,0.0,0.0
7482,0,0,0,0,0,0,0.0,0.0,0.0,0.0,0.0,0.0
8654,0,0,0,0,0,0,0.0,0.0,0.0,0.0,0.0,0.0
768,0,0,0,0,0,0,0.0,0.0,0.0,0.0,0.0,0.0
16131,0,0,0,0,0,0,0.0,0.0,0.0,0.0,0.0,0.0
15957,0,0,0,0,0,0,0.0,0.0,0.0,0.0,0.0,0.0
526,0,0,0,0,0,0,0.0,0.0,0.0,0.0,0.0,0.0
6445,0,0,0,0,0,0,0.0,0.0,0.0,0.0,0.0,0.0
16417,0,0,0,0,0,0,0.0,0.0,0.0,0.0,0.0,0.0
3287,0,0,0,0,0,0,0.0,0.0,0.0,0.0,0.0,0.0
1021,0,0,0,0,0,0,0.0,0.0,0.0,0.0,0.0,0.0
18670,0,0,0,0,0,0,0.0,0.0,0.0,0.0,0.0,0.0
10452,0,0,0,0,0,0,0.0,0.0,0.0,0.0,0.0,0.0
6260,0,0,0,0,0,0,0.0,0.0,0.0,0.0,0.0,0.0
9722,0,0,0,0,0,0,0.0,0.0,0.0,0.0,0.0,0.0
351,0,0,0,0,0,0,0.0,0.0,0.0,0.0,0.0,0.0
1301,0,0,0,0,0,0,0.0,0.0,0.0,0.0,0.0,0.0
18080,0,0,0,0,0,0,0.0,0.0,0.0,0.0,0.0,0.0
7694,0,0,0,0,0,0,0.0,0.0,0.0,0.0,0.0,0.0
18501,0,0,0,0,0,0,0.0,0.0,0.0,0.0,0.0,0.0
14749,0,0,0,0,0,0,0.0,0.0,0.0,0.0,0.0,0.0
4428,0,0,0,0,0,0,0.0,0.0,0.0,0.0,0.0,0.0
3349,0,0,0,0,0,0,0.0,0.0,0.0,0.0,0.0,0.0
853,0,0,0,0,0,0,0.0,0.0,0.0,0.0,0.0,0.0
2638,0,0,0,0,0,0,0.0,0.0,0.0,0.0,0.0,0.0
8724,0,0,0,0,0,0,0.0,0.0,0.0,0.0,0.0,0.0
1444,0,0,0,0,0,0,0.0,0.0,0.0,0.0,0.0,0.0
240,0,0,0,0,0,0,0.0,0.0,0.0,0.0,0.0,0.0
17980,0,0,0,0,0,0,0.0,0.0,0.0,0.0,0.0,0.0
7472,0,0,0,0,0,0,0.0,0.0,0.0,0.0,0.0,0.0
2698,0,0,0,0,0,0,0.0,0.0,0.0,0.0,0.0,0.0
19553,0,0,0,0,0,0,0.0,0.0,0.0,0.0,0.0,0.0
17013,0,0,0,0,0,0,0.0,0.0,0.0,0.0,0.0,0.0
2477,0,0,0,0,0,0,0.0,0.0,0.0,0.0,0.0,0.0
10549,0,0,0,0,0,0,0.0,0.0,0.0,0.0,0.0,0.0
2025,0,0,0,0,0,0,0.0,0.0,0.0,0.0,0.0,0.0
2273,0,0,0,0,0,0,0.0,0.0,0.0,0.0,0.0,0.0
4561,0,0,0,0,0,0,0.0,0.0,0.0,0.0,0.0,0.0
2873,0,0,0,0,0,0,0.0,0.0,0.0,0.0,0.0,0.0
18700,0,0,0,0,0,0,0.0,0.0,0.0,0.0,0.0,0.0
6075,0,0,0,0,0,0,0.0,0.0,0.0,0.0,0.0,0.0
3097,0,0,0,0,0,0,0.0,0.0,0.0,0.0,0.0,0.0
432,0,0,0,0,0,0,0.0,0.0,0.0,0.0,0.0,0.0
6873,0,0,0,0,0,0,0.0,0.0,0.0,0.0,0.0,0.0
19720,0,0,0,0,0,0,0.0,0.0,0.0,0.0,0.0,0.0
13135,0,0,0,0,0,0,0.0,0.0,0.0,0.0,0.0,0.0
19769,0,0,0,0,0,0,0.0,0.0,0.0,0.0,0.0,0.0
16692,0,0,0,0,0,0,0.0,0.0,0.0,0.0,0.0,0.0
16189,0,0,0,0,0,0,0.0,0.0,0.0,0.0,0.0,0.0
19283,0,0,0,0,0,0,0.0,0.0,0.0,0.0,0.0,0.0
13652,0,0,0,0,0,0,0.0,0.0,0.0,0.0,0.0,0.0
3710,0,0,0,0,0,0,0.0,0.0,0.0,0.0,0.0,0.0
15760,0,0,0,0,0,0,0.0,0.0,0.0,0.0,0.0,0.0
80,0,0,0,0,0,0,0.0,0.0,0.0,0.0,0.0,0.0
13149,0,0,0,0,0,0,0.0,0.0,0.0,0.0,0.0,0.0
3843,0,0,0,0,0,0,0.0,0.0,0.0,0.0,0.0,0.0
3415,0,0,0,0,0,0,0.0,0.0,0.0,0.0,0.0,0.0
10075,0,0,0,0,0,0,0.0,0.0,0.0,0.0,0.0,0.0
19538,0,0,0,0,0,0,0.0,0.0,0.0,0.0,0.0,0.0
10750,0,0,0,0,0,0,0.0,0.0,0.0,0.0,0.0,0.0
7250,0,0,0,0,0,0,0.0,0.0,0.0,0.0,0.0,0.0
2857,0,0,0,0,0,0,0.0,0.0,0.0,0.0,0.0,0.0
4479,0,0,0,0,0,0,0.0,0.0,0.0,0.0,0.0,0.0
7490,0,0,0,0,0,0,0.0,0.0,0.0,0.0,0.0,0.0
10678,0,0,0,0,0,0,0.0,0.0,0.0,0.0,0.0,0.0
11528,0,0,0,0,0,0,0.0,0.0,0.0,0.0,0.0,0.0
9968,0,0,0,0,0,0,0.0,0.0,0.0,0.0,0.0,0.0
9269,0,0,0,0,0,0,0.0,0.0,0.0,0.0,0.0,0.0
13050,0,0,0,0,0,0,0.0,0.0,0.0,0.0,0.0,0.0
6434,0,0,0,0,0,0,0.0,0.0,0.0,0.0,0.0,0.0
18851,0,0,0,0,0,0,0.0,0.0,0.0,0.0,0.0,0.0
6413,0,0,0,0,0,0,0.0,0.0,0.0,0.0,0.0,0.0
12046,0,0,0,0,0,0,0.0,0.0,0.0,0.0,0.0,0.0
2001,0,0,0,0,0,0,0.0,0.0,0.0,0.0,0.0,0.0
5077,0,0,0,0,0,0,0.0,0.0,0.0,0.0,0.0,0.0
1206,0,0,0,0,0,0,0.0,0.0,0.0,0.0,0.0,0.0
3353,0,0,0,0,0,0,0.0,0.0,0.0,0.0,0.0,0.0
3219,0,0,0,0,0,0,0.0,0.0,0.0,0.0,0.0,0.0
3997,0,0,0,0,0,0,0.0,0.0,0.0,0.0,0.0,0.0
2865,0,0,0,0,0,0,0.0,0.0,0.0,0.0,0.0,0.0
2960,0,0,0,0,0,0,0.0,0.0,0.0,0.0,0.0,0.0
5004,0,0,0,0,0,0,0.0,0.0,0.0,0.0,0.0,0.0
3259,0,0,0,0,0,0,0.0,0.0,0.0,0.0,0.0,0.0
11712,0,0,0,0,0,0,0.0,0.0,0.0,0.0,0.0,0.0
1746,0,0,0,0,0,0,0.0,0.0,0.0,0.0,0.0,0.0
4685,0,0,0,0,0,0,0.0,0.0,0.0,0.0,0.0,0.0
12856,0,0,0,0,0,0,0.0,0.0,0.0,0.0,0.0,0.0
8565,0,0,0,0,0,0,0.0,0.0,0.0,0.0,0.0,0.0
8818,0,0,0,0,0,0,0.0,0.0,0.0,0.0,0.0,0.0
10627,0,0,0,0,0,0,0.0,0.0,0.0,0.0,0.0,0.0
16202,0,0,0,0,0,0,0.0,0.0,0.0,0.0,0.0,0.0
6267,0,0,0,0,0,0,0.0,0.0,0.0,0.0,0.0,0.0
5460,0,0,0,0,0,0,0.0,0.0,0.0,0.0,0.0,0.0
15105,0,0,0,0,0,0,0.0,0.0,0.0,0.0,0.0,0.0
3355,0,0,0,0,0,0,0.0,0.0,0.0,0.0,0.0,0.0
5261,0,0,0,0,0,0,0.0,0.0,0.0,0.0,0.0,0.0
5937,0,0,0,0,0,0,0.0,0.0,0.0,0.0,0.0,0.0
6053,0,0,0,0,0,0,0.0,0.0,0.0,0.0,0.0,0.0
4506,0,0,0,0,0,0,0.0,0.0,0.0,0.0,0.0,0.0
11838,0,0,0,0,0,0,0.0,0.0,0.0,0.0,0.0,0.0
560,0,0,0,0,0,0,0.0,0.0,0.0,0.0,0.0,0.0
8552,0,0,0,0,0,0,0.0,0.0,0.0,0.0,0.0,0.0
16127,0,0,0,0,0,0,0.0,0.0,0.0,0.0,0.0,0.0
16956,0,0,0,0,0,0,0.0,0.0,0.0,0.0,0.0,0.0
15980,0,0,0,0,0,0,0.0,0.0,0.0,0.0,0.0,0.0
11946,0,0,0,0,0,0,0.0,0.0,0.0,0.0,0.0,0.0
12538,0,0,0,0,0,0,0.0,0.0,0.0,0.0,0.0,0.0
2929,0,0,0,0,0,0,0.0,0.0,0.0,0.0,0.0,0.0
18813,0,0,0,0,0,0,0.0,0.0,0.0,0.0,0.0,0.0
6303,0,0,0,0,0,0,0.0,0.0,0.0,0.0,0.0,0.0
19941,0,0,0,0,0,0,0.0,0.0,0.0,0.0,0.0,0.0
18609,0,0,0,0,0,0,0.0,0.0,0.0,0.0,0.0,0.0
19832,0,0,0,0,0,0,0.0,0.0,0.0,0.0,0.0,0.0
4281,0,0,0,0,0,0,0.0,0.0,0.0,0.0,0.0,0.0
17278,0,0,0,0,0,0,0.0,0.0,0.0,0.0,0.0,0.0
7635,0,0,0,0,0,0,0.0,0.0,0.0,0.0,0.0,0.0
14013,0,0,0,0,0,0,0.0,0.0,0.0,0.0,0.0,0.0
7813,0,0,0,0,0,0,0.0,0.0,0.0,0.0,0.0,0.0
5730,0,0,0,0,0,0,0.0,0.0,0.0,0.0,0.0,0.0
12717,0,0,0,0,0,1,0.0,0.0,0.0,0.0,0.0,0.0
4157,0,0,0,0,0,0,0.0,0.0,0.0,0.0,0.0,0.0
13118,0,0,0,0,0,0,0.0,0.0,0.0,0.0,0.0,0.0
6791,0,0,0,0,0,0,0.0,0.0,0.0,0.0,0.0,0.0
9482,0,0,0,0,0,0,0.0,0.0,0.0,0.0,0.0,0.0
6310,0,0,0,0,0,0,0.0,0.0,0.0,0.0,0.0,0.0
7485,0,0,0,0,0,0,0.0,0.0,0.0,0.0,0.0,0.0
1066,0,0,0,0,0,0,0.0,0.0,0.0,0.0,0.0,0.0
9823,0,0,0,0,0,0,0.0,0.0,0.0,0.0,0.0,0.0
12319,0,0,0,0,0,0,0.0,0.0,0.0,0.0,0.0,0.0
5118,0,0,0,0,0,0,0.0,0.0,0.0,0.0,0.0,0.0
8130,0,0,0,0,0,0,0.0,0.0,0.0,0.0,0.0,0.0
6316,0,0,0,0,0,0,0.0,0.0,0.0,0.0,0.0,0.0
5939,0,0,0,0,0,0,0.0,0.0,0.0,0.0,0.0,0.0
9506,0,0,0,0,0,0,0.0,0.0,0.0,0.0,0.0,0.0
15656,0,0,0,0,0,0,0.0,0.0,0.0,0.0,0.0,0.0
8518,0,0,0,0,0,0,0.0,0.0,0.0,0.0,0.0,0.0
14981,0,0,0,0,0,0,0.0,0.0,0.0,0.0,0.0,0.0
3982,0,0,0,0,0,0,0.0,0.0,0.0,0.0,0.0,0.0
8277,0,0,0,0,0,0,0.0,0.0,0.0,0.0,0.0,0.0
17692,0,0,0,0,0,0,0.0,0.0,0.0,0.0,0.0,0.0
18183,0,0,0,0,0,0,0.0,0.0,0.0,0.0,0.0,0.0
2604,0,0,0,0,0,0,0.0,0.0,0.0,0.0,0.0,0.0
17520,0,0,0,0,0,0,0.0,0.0,0.0,0.0,0.0,0.0
5263,0,0,0,0,0,0,0.0,0.0,0.0,0.0,0.0,0.0
13675,0,0,0,0,0,0,0.0,0.0,0.0,0.0,0.0,0.0
8444,0,0,0,0,0,0,0.0,0.0,0.0,0.0,0.0,0.0
9762,0,0,0,0,0,0,0.0,0.0,0.0,0.0,0.0,0.0
7746,0,0,0,0,0,0,0.0,0.0,0.0,0.0,0.0,0.0
18872,0,0,0,1,0,0,0.0,0.0,0.0,0.0,0.0,1.0
4825,0,0,0,0,0,0,0.0,0.0,0.0,0.0,0.0,0.0
744,0,0,0,0,0,0,0.0,0.0,0.0,0.0,0.0,0.0
16119,0,0,0,0,0,0,0.0,0.0,0.0,0.0,0.0,0.0
17070,0,0,0,0,0,0,0.0,0.0,0.0,0.0,0.0,0.0
16709,0,0,0,0,0,0,0.0,0.0,0.0,0.0,0.0,0.0
6776,0,0,0,0,0,0,0.0,0.0,0.0,0.0,0.0,0.0
18831,0,0,0,0,0,0,0.0,0.0,0.0,0.0,0.0,0.0
16196,0,0,0,0,0,0,0.0,0.0,0.0,0.0,0.0,0.0
5245,0,0,0,0,0,0,0.0,0.0,0.0,0.0,0.0,0.0
12565,0,0,0,0,0,0,0.0,0.0,0.0,0.0,0.0,0.0
13924,0,0,0,0,0,0,0.0,0.0,0.0,0.0,0.0,0.0
5807,0,0,0,0,0,0,0.0,0.0,0.0,0.0,0.0,0.0
18792,0,0,0,0,0,0,0.0,0.0,0.0,0.0,0.0,0.0
9128,0,0,0,0,0,0,0.0,0.0,0.0,0.0,0.0,0.0
16927,0,0,0,0,0,0,0.0,0.0,0.0,0.0,0.0,0.0
14452,0,0,0,0,0,0,0.0,0.0,0.0,0.0,0.0,0.0
15079,0,0,0,0,0,0,0.0,0.0,0.0,0.0,0.0,0.0
19426,0,0,0,0,0,0,0.0,0.0,0.0,0.0,0.0,0.0
16896,0,0,0,0,0,0,0.0,0.0,0.0,0.0,0.0,0.0
2369,0,0,0,0,0,0,0.0,0.0,0.0,0.0,0.0,0.0
9802,0,0,0,0,0,0,0.0,0.0,0.0,0.0,0.0,0.0
11249,0,0,0,0,0,0,0.0,0.0,0.0,0.0,0.0,0.0
6018,0,0,0,0,0,0,0.0,0.0,0.0,0.0,0.0,0.0
1203,0,0,0,0,0,0,0.0,0.0,0.0,0.0,0.0,0.0
18157,0,0,0,0,0,0,0.0,0.0,0.0,0.0,0.0,0.0
19236,0,0,0,0,0,0,0.0,0.0,0.0,0.0,0.0,0.0
19107,0,0,0,0,0,0,0.0,0.0,0.0,0.0,0.0,0.0
5099,0,0,0,0,0,0,0.0,0.0,0.0,0.0,0.0,0.0
1338,0,0,0,0,0,0,0.0,0.0,0.0,0.0,0.0,0.0
8823,0,0,0,0,0,0,0.0,0.0,0.0,0.0,0.0,0.0
10538,0,0,0,0,0,0,0.0,0.0,0.0,0.0,0.0,0.0
4928,0,0,0,0,0,0,0.0,0.0,0.0,0.0,0.0,0.0
12085,0,0,0,0,0,0,0.0,0.0,0.0,0.0,0.0,0.0
9119,0,0,0,0,0,0,0.0,0.0,0.0,0.0,0.0,0.0
6928,0,0,0,0,0,0,0.0,0.0,0.0,0.0,0.0,0.0
6813,0,0,0,0,0,0,0.0,0.0,0.0,0.0,0.0,0.0
15630,0,0,0,0,0,0,0.0,0.0,0.0,0.0,0.0,0.0
5107,0,0,0,0,0,0,0.0,0.0,0.0,0.0,0.0,0.0
5593,0,0,0,0,0,0,0.0,0.0,0.0,0.0,0.0,0.0
12842,0,0,0,0,0,0,0.0,0.0,0.0,0.0,0.0,0.0
8974,0,0,0,0,0,0,0.0,0.0,0.0,0.0,0.0,0.0
7428,0,0,0,0,0,0,0.0,0.0,0.0,0.0,0.0,0.0
17613,0,0,0,0,0,0,0.0,0.0,0.0,0.0,0.0,0.0
14839,0,0,0,0,0,0,0.0,0.0,0.0,0.0,0.0,0.0
939,0,0,0,0,0,0,0.0,0.0,0.0,0.0,0.0,0.0
10733,0,0,0,0,0,0,0.0,0.0,0.0,0.0,0.0,0.0
15560,0,0,0,0,0,0,0.0,0.0,0.0,0.0,0.0,0.0
6105,0,0,0,0,0,0,0.0,0.0,0.0,0.0,0.0,0.0
17067,0,0,0,0,0,0,0.0,0.0,0.0,0.0,0.0,0.0
8988,0,0,0,0,0,0,0.0,0.0,0.0,0.0,0.0,0.0
5159,0,0,0,0,0,0,0.0,0.0,0.0,0.0,0.0,0.0
7164,0,0,0,0,0,0,0.0,0.0,0.0,0.0,0.0,0.0
17612,0,0,0,0,0,0,0.0,0.0,0.0,0.0,0.0,0.0
3455,0,0,0,0,0,0,0.0,0.0,0.0,0.0,0.0,0.0
10161,0,0,0,0,0,0,0.0,0.0,0.0,0.0,0.0,0.0
5892,0,0,0,0,0,0,0.0,0.0,0.0,0.0,0.0,0.0
19407,0,0,0,0,0,0,0.0,0.0,0.0,0.0,0.0,0.0
13312,0,0,0,0,0,0,0.0,0.0,0.0,0.0,0.0,0.0
2359,0,0,0,0,0,0,0.0,0.0,0.0,0.0,0.0,0.0
623,0,0,0,0,0,0,0.0,0.0,0.0,0.0,0.0,0.0
3627,0,0,0,0,0,0,0.0,0.0,0.0,0.0,0.0,0.0
11140,0,0,0,0,0,0,0.0,0.0,0.0,0.0,0.0,0.0
2146,0,0,0,0,0,0,0.0,0.0,0.0,0.0,0.0,0.0
16005,0,0,0,0,0,0,0.0,0.0,0.0,0.0,0.0,0.0
16718,0,0,0,0,0,0,0.0,0.0,0.0,0.0,0.0,0.0
16565,0,0,0,0,0,0,0.0,0.0,0.0,0.0,0.0,0.0
11576,0,0,0,0,0,0,0.0,0.0,0.0,0.0,0.0,0.0
2925,0,0,0,0,0,0,0.0,0.0,0.0,0.0,0.0,0.0
4261,0,0,0,0,0,0,0.0,0.0,0.0,0.0,0.0,0.0
16138,0,0,0,0,0,0,0.0,0.0,0.0,0.0,0.0,0.0
19367,0,0,0,0,0,0,0.0,0.0,0.0,0.0,0.0,0.0
5796,0,0,0,0,0,0,0.0,0.0,0.0,0.0,0.0,0.0
6097,0,0,0,0,0,0,0.0,0.0,0.0,0.0,0.0,0.0
11192,0,0,0,0,0,0,0.0,0.0,0.0,0.0,0.0,0.0
6804,0,0,0,0,0,0,0.0,0.0,0.0,0.0,0.0,0.0
5177,0,0,0,0,0,0,0.0,0.0,0.0,0.0,0.0,0.0
4985,0,0,0,0,0,0,0.0,0.0,0.0,0.0,0.0,0.0
2898,0,0,0,0,0,0,0.0,0.0,0.0,0.0,0.0,0.0
18360,0,0,0,0,0,0,0.0,0.0,0.0,0.0,0.0,0.0
17531,0,0,0,0,1,0,0.0,0.0,0.0,0.0,0.0,0.0
7762,0,0,0,0,0,0,0.0,0.0,0.0,0.0,0.0,0.0
11741,0,0,0,0,0,0,0.0,0.0,0.0,0.0,0.0,0.0
16586,0,0,0,0,0,0,0.0,0.0,0.0,0.0,0.0,0.0
14782,0,0,0,0,0,0,0.0,0.0,0.0,0.0,0.0,0.0
8272,0,0,0,0,0,0,0.0,0.0,0.0,0.0,0.0,0.0
16574,0,0,0,0,0,0,0.0,0.0,0.0,0.0,0.0,0.0
16408,0,0,0,0,0,0,0.0,0.0,0.0,0.0,0.0,0.0
1489,0,0,0,0,0,0,0.0,0.0,0.0,0.0,0.0,0.0
10676,0,0,0,0,0,0,0.0,0.0,0.0,0.0,0.0,0.0
891,0,0,0,0,0,0,0.0,0.0,0.0,0.0,0.0,0.0
14668,0,0,0,0,0,0,0.0,0.0,0.0,0.0,0.0,0.0
11144,0,0,0,0,0,0,0.0,0.0,0.0,0.0,0.0,0.0
12011,0,0,0,0,0,0,0.0,0.0,0.0,0.0,0.0,0.0
5257,0,0,0,0,0,0,0.0,0.0,0.0,0.0,0.0,0.0
4092,0,0,0,0,0,0,0.0,0.0,0.0,0.0,0.0,0.0
19172,0,0,0,0,0,0,0.0,0.0,0.0,0.0,0.0,0.0
5749,0,0,0,0,0,0,0.0,0.0,0.0,0.0,0.0,0.0
5237,0,0,0,0,0,0,0.0,0.0,0.0,0.0,0.0,0.0
17538,0,0,0,0,0,0,0.0,0.0,0.0,0.0,0.0,0.0
4257,0,0,0,0,0,0,0.0,0.0,0.0,0.0,0.0,0.0
18212,0,0,0,0,0,0,0.0,0.0,0.0,0.0,0.0,0.0
14093,0,0,0,0,0,0,0.0,0.0,0.0,0.0,0.0,0.0
12357,0,0,0,0,0,0,0.0,0.0,0.0,0.0,0.0,0.0
18152,0,0,0,0,0,0,0.0,0.0,0.0,0.0,0.0,0.0
13420,0,0,0,0,0,1,0.0,0.0,0.0,0.0,0.0,1.0
1891,0,0,0,0,0,0,0.0,0.0,0.0,0.0,0.0,0.0
18359,0,0,0,0,0,0,0.0,0.0,0.0,0.0,0.0,0.0
17998,0,0,0,0,0,0,0.0,0.0,0.0,0.0,0.0,0.0
2697,0,0,0,0,0,0,0.0,0.0,0.0,0.0,0.0,0.0
7100,0,0,0,0,0,0,0.0,0.0,0.0,0.0,0.0,0.0
8378,0,0,0,0,0,0,0.0,0.0,0.0,0.0,0.0,0.0
7728,0,0,0,0,0,0,0.0,0.0,0.0,0.0,0.0,0.0
2976,0,0,0,0,0,0,0.0,0.0,0.0,0.0,0.0,0.0
717,0,0,0,0,0,0,0.0,0.0,0.0,0.0,0.0,0.0
1522,0,0,0,0,0,0,0.0,0.0,0.0,0.0,0.0,0.0
971,0,0,0,0,0,0,0.0,0.0,0.0,0.0,0.0,0.0
64,0,0,0,0,0,0,0.0,0.0,0.0,0.0,0.0,0.0
1170,0,0,0,0,0,0,0.0,0.0,0.0,0.0,0.0,0.0
4457,0,0,0,0,0,0,0.0,0.0,0.0,0.0,0.0,0.0
3741,0,0,0,0,0,0,0.0,0.0,0.0,0.0,0.0,0.0
17436,0,0,0,0,0,0,0.0,0.0,0.0,0.0,0.0,0.0
3024,0,0,0,0,0,0,0.0,0.0,0.0,0.0,0.0,0.0
8491,0,0,0,0,0,0,0.0,0.0,0.0,0.0,0.0,0.0
231,0,0,0,0,0,0,0.0,0.0,0.0,0.0,0.0,0.0
3850,0,0,0,0,0,0,0.0,0.0,0.0,0.0,0.0,0.0
3232,0,0,0,0,0,0,0.0,0.0,0.0,0.0,0.0,0.0
12949,0,0,0,0,0,0,0.0,0.0,0.0,0.0,0.0,0.0
7855,0,0,0,0,0,0,0.0,0.0,0.0,0.0,0.0,0.0
7057,0,0,0,0,0,0,0.0,0.0,0.0,0.0,0.0,0.0
16440,0,0,0,0,0,0,0.0,0.0,0.0,0.0,0.0,0.0
2077,0,0,0,0,0,0,0.0,0.0,0.0,0.0,0.0,0.0
7352,0,0,0,0,0,0,0.0,0.0,0.0,0.0,0.0,0.0
10800,0,0,0,0,0,0,0.0,0.0,0.0,0.0,0.0,0.0
19437,0,0,0,0,0,0,0.0,0.0,0.0,0.0,0.0,0.0
7143,0,0,0,0,0,0,0.0,0.0,0.0,0.0,0.0,0.0
8231,0,0,0,0,0,0,0.0,0.0,0.0,0.0,0.0,0.0
7166,0,0,0,0,0,0,0.0,0.0,0.0,0.0,0.0,0.0
4946,0,0,0,0,0,0,0.0,0.0,0.0,0.0,0.0,0.0
16819,0,0,0,0,0,0,0.0,0.0,0.0,0.0,0.0,0.0
14477,0,0,0,0,0,0,0.0,0.0,0.0,0.0,0.0,0.0
4412,0,0,0,0,0,0,0.0,0.0,0.0,0.0,0.0,0.0
5122,0,0,0,0,0,0,0.0,0.0,0.0,0.0,0.0,0.0
18219,0,0,0,0,0,0,0.0,0.0,0.0,0.0,0.0,0.0
8149,0,0,0,0,0,0,0.0,0.0,0.0,0.0,0.0,0.0
7645,0,0,0,0,0,0,0.0,0.0,0.0,0.0,0.0,0.0
17174,0,0,0,0,0,0,0.0,0.0,0.0,0.0,0.0,0.0
4085,0,0,0,0,0,0,0.0,0.0,0.0,0.0,0.0,0.0
1228,0,0,0,0,0,0,0.0,0.0,0.0,0.0,0.0,0.0
10214,0,0,0,0,0,0,0.0,0.0,0.0,0.0,0.0,0.0
6579,0,0,0,0,0,0,0.0,0.0,0.0,0.0,0.0,0.0
4908,0,0,0,0,0,0,0.0,0.0,0.0,0.0,0.0,0.0
14180,0,0,0,0,0,0,0.0,0.0,0.0,0.0,0.0,0.0
18243,0,0,0,0,0,0,0.0,0.0,0.0,0.0,0.0,0.0
1555,0,0,0,0,0,0,0.0,0.0,0.0,0.0,0.0,0.0
19402,0,0,0,0,0,0,0.0,0.0,0.0,0.0,0.0,0.0
1090,0,0,0,0,0,0,0.0,0.0,0.0,0.0,0.0,0.0
114,0,0,0,0,0,0,0.0,0.0,0.0,0.0,0.0,0.0
6060,0,0,0,0,0,0,0.0,0.0,0.0,0.0,0.0,0.0
3807,0,0,0,0,0,0,0.0,0.0,0.0,0.0,0.0,0.0
7539,0,0,0,0,0,0,0.0,0.0,0.0,0.0,0.0,0.0
16762,0,0,0,0,0,0,0.0,0.0,0.0,0.0,0.0,0.0
7689,0,0,0,0,0,0,0.0,0.0,0.0,0.0,0.0,0.0
7583,0,0,0,0,0,0,0.0,0.0,0.0,0.0,0.0,0.0
4215,0,0,0,0,0,0,0.0,0.0,0.0,0.0,0.0,0.0
19717,0,0,0,0,0,0,0.0,0.0,0.0,0.0,0.0,0.0
16827,0,0,0,0,0,0,0.0,0.0,0.0,0.0,0.0,0.0
2790,0,0,0,0,0,0,0.0,0.0,0.0,0.0,0.0,0.0
18630,0,0,0,0,0,0,0.0,0.0,0.0,0.0,0.0,0.0
125,0,0,0,0,0,0,0.0,0.0,0.0,0.0,0.0,0.0
18128,0,0,0,0,0,0,0.0,0.0,0.0,0.0,0.0,0.0
18840,0,0,0,0,0,0,0.0,0.0,0.0,0.0,0.0,0.0
16048,0,0,0,0,0,0,0.0,0.0,0.0,0.0,0.0,0.0
14270,0,0,0,0,0,0,0.0,0.0,0.0,0.0,0.0,0.0
2496,0,0,0,0,0,0,0.0,0.0,0.0,0.0,0.0,0.0
5958,0,0,0,0,0,0,0.0,0.0,0.0,0.0,0.0,0.0
11716,0,0,0,0,0,0,0.0,0.0,0.0,0.0,0.0,0.0
3939,0,0,0,0,0,0,0.0,0.0,0.0,0.0,0.0,0.0
2631,0,0,0,0,0,0,0.0,0.0,0.0,0.0,0.0,0.0
16995,0,0,0,0,0,0,0.0,0.0,0.0,0.0,0.0,0.0
3849,0,0,0,0,0,0,0.0,0.0,0.0,0.0,0.0,0.0
11592,0,0,0,0,0,0,0.0,0.0,0.0,0.0,0.0,0.0
3709,0,0,0,0,0,0,0.0,0.0,0.0,0.0,0.0,0.0
14713,0,0,0,0,0,0,0.0,0.0,0.0,0.0,0.0,0.0
5810,0,0,0,0,0,0,0.0,0.0,0.0,0.0,0.0,0.0
5757,0,0,0,0,0,0,0.0,0.0,0.0,0.0,0.0,0.0
4587,0,0,0,0,0,0,0.0,0.0,0.0,0.0,0.0,0.0
7979,0,0,0,0,0,0,0.0,0.0,0.0,0.0,0.0,0.0
17111,0,0,0,0,0,0,0.0,0.0,0.0,0.0,0.0,0.0
14949,0,0,0,0,0,0,0.0,0.0,0.0,0.0,0.0,0.0
14278,0,0,0,0,0,0,0.0,0.0,0.0,0.0,0.0,0.0
13317,0,0,0,0,0,0,0.0,0.0,0.0,0.0,0.0,0.0
8505,0,0,0,0,0,0,0.0,0.0,0.0,0.0,0.0,0.0
4808,0,0,0,0,0,0,0.0,0.0,0.0,0.0,0.0,0.0
1573,0,0,0,0,0,0,0.0,0.0,0.0,0.0,0.0,0.0
524,0,0,0,0,0,0,0.0,0.0,0.0,0.0,0.0,0.0
10133,0,0,0,0,0,0,0.0,0.0,0.0,0.0,0.0,0.0
3542,0,0,0,0,0,0,0.0,0.0,0.0,0.0,0.0,0.0
4696,0,0,0,0,0,0,0.0,0.0,0.0,0.0,0.0,0.0
19091,0,0,0,0,0,0,0.0,0.0,0.0,0.0,0.0,0.0
15808,0,0,0,0,0,0,0.0,0.0,0.0,0.0,0.0,0.0
14937,0,0,0,0,0,0,0.0,0.0,0.0,0.0,0.0,0.0
3788,0,0,1,0,0,0,0.0,0.0,0.0,0.0,0.0,0.0
5926,0,0,0,0,0,0,0.0,0.0,0.0,0.0,0.0,0.0
17790,0,0,0,0,0,0,0.0,0.0,0.0,0.0,0.0,0.0
11928,0,0,0,0,0,0,0.0,0.0,0.0,0.0,0.0,0.0
18829,0,0,0,0,0,0,0.0,0.0,0.0,0.0,0.0,0.0
4555,0,0,0,0,0,0,0.0,0.0,0.0,0.0,0.0,0.0
19631,0,0,0,0,0,0,0.0,0.0,0.0,0.0,0.0,0.0
2285,0,0,0,0,0,0,0.0,0.0,0.0,0.0,0.0,0.0
16431,0,0,0,0,0,0,0.0,0.0,0.0,0.0,0.0,0.0
17295,0,0,0,0,0,0,0.0,0.0,0.0,0.0,0.0,0.0
10746,0,0,0,0,0,0,0.0,0.0,0.0,0.0,0.0,0.0
1515,0,0,0,0,0,0,0.0,0.0,0.0,0.0,0.0,0.0
18957,0,0,0,0,0,0,0.0,0.0,0.0,0.0,0.0,0.0
2353,0,0,0,0,0,0,0.0,0.0,0.0,0.0,0.0,0.0
1054,0,0,0,0,0,0,0.0,0.0,0.0,0.0,0.0,0.0
13379,0,0,0,0,0,0,0.0,0.0,0.0,0.0,0.0,0.0
233,0,0,0,0,0,0,0.0,0.0,0.0,0.0,0.0,0.0
19568,0,0,0,0,0,0,0.0,0.0,0.0,0.0,0.0,0.0
8123,0,0,0,0,0,0,0.0,0.0,0.0,0.0,0.0,0.0
7519,0,0,0,0,0,0,0.0,0.0,0.0,0.0,0.0,0.0
2750,0,0,0,0,0,0,0.0,0.0,0.0,0.0,0.0,0.0
2951,0,0,0,0,0,0,0.0,0.0,0.0,0.0,0.0,0.0
15994,0,0,0,0,0,0,0.0,0.0,0.0,0.0,0.0,0.0
3876,0,0,0,0,0,0,0.0,0.0,0.0,0.0,0.0,0.0
17857,0,0,0,0,0,0,0.0,0.0,0.0,0.0,0.0,0.0
9161,0,0,0,0,0,0,0.0,0.0,0.0,0.0,0.0,0.0
19022,0,0,0,0,0,0,0.0,0.0,0.0,0.0,0.0,0.0
5393,0,0,0,0,0,0,0.0,0.0,0.0,0.0,0.0,0.0
6019,0,0,0,0,0,0,0.0,0.0,0.0,0.0,0.0,0.0
8343,0,0,0,0,0,0,0.0,0.0,0.0,0.0,0.0,0.0
11700,0,0,0,0,0,0,0.0,0.0,0.0,0.0,0.0,0.0
1390,0,0,0,0,0,0,0.0,0.0,0.0,0.0,0.0,0.0
8140,0,0,0,0,0,0,0.0,0.0,0.0,0.0,0.0,0.0
15775,0,0,0,0,0,0,0.0,0.0,0.0,0.0,0.0,0.0
10630,0,0,0,0,0,0,0.0,0.0,0.0,0.0,0.0,0.0
4442,0,0,0,0,0,0,0.0,0.0,0.0,0.0,0.0,0.0
16221,0,0,0,0,0,0,0.0,0.0,0.0,0.0,0.0,0.0
16371,0,0,0,0,0,0,0.0,0.0,0.0,0.0,0.0,0.0
19141,0,0,0,0,0,0,0.0,0.0,0.0,0.0,0.0,0.0
4794,0,0,0,0,0,0,0.0,0.0,0.0,0.0,0.0,0.0
16794,0,0,0,0,0,0,0.0,0.0,0.0,0.0,0.0,0.0
537,0,0,0,0,0,0,0.0,0.0,0.0,0.0,0.0,0.0
12738,0,0,0,0,0,0,0.0,0.0,0.0,0.0,0.0,0.0
10684,0,0,0,0,0,0,0.0,0.0,0.0,0.0,0.0,0.0
5235,0,0,0,0,0,0,0.0,0.0,0.0,0.0,0.0,0.0
13492,0,0,0,0,0,0,0.0,0.0,0.0,0.0,0.0,0.0
5200,0,0,0,0,0,0,0.0,0.0,0.0,0.0,0.0,0.0
12444,0,0,0,0,0,0,0.0,0.0,0.0,0.0,0.0,0.0
8788,0,0,0,0,0,0,0.0,0.0,0.0,0.0,0.0,0.0
7202,0,0,0,0,0,0,0.0,0.0,0.0,0.0,0.0,0.0
9645,0,0,0,0,0,0,0.0,0.0,0.0,0.0,0.0,0.0
5167,0,0,0,0,0,0,0.0,0.0,0.0,0.0,0.0,0.0
5712,0,0,0,0,0,0,0.0,0.0,0.0,0.0,0.0,0.0
9849,0,0,0,0,0,0,0.0,0.0,0.0,0.0,0.0,0.0
8475,0,0,0,0,0,0,0.0,0.0,0.0,0.0,0.0,0.0
15914,0,0,0,0,0,0,0.0,0.0,0.0,0.0,0.0,0.0
3050,0,0,0,0,0,0,0.0,0.0,0.0,0.0,0.0,0.0
6960,0,0,0,1,0,0,0.0,0.0,0.0,0.0,0.0,0.0
12186,0,0,0,0,0,0,0.0,0.0,0.0,0.0,0.0,0.0
4922,0,0,0,0,0,0,0.0,0.0,0.0,0.0,0.0,0.0
2039,0,0,0,0,0,0,0.0,0.0,0.0,0.0,0.0,0.0
18855,0,0,0,0,0,0,0.0,0.0,0.0,0.0,0.0,0.0
10863,0,0,0,0,0,0,0.0,0.0,0.0,0.0,0.0,0.0
8759,0,0,0,0,0,0,0.0,0.0,0.0,0.0,0.0,0.0
5129,0,0,0,0,0,0,0.0,0.0,0.0,0.0,0.0,0.0
2393,0,0,0,0,0,0,0.0,0.0,0.0,0.0,0.0,0.0
18751,0,0,0,0,0,0,0.0,0.0,0.0,0.0,0.0,0.0
15816,0,0,0,0,0,0,0.0,0.0,0.0,0.0,0.0,0.0
8596,0,0,0,0,0,0,0.0,0.0,0.0,0.0,0.0,0.0
10159,0,0,0,0,0,0,0.0,0.0,0.0,0.0,0.0,0.0
6646,0,0,0,0,0,0,0.0,0.0,0.0,0.0,0.0,0.0
8078,0,0,0,0,0,0,0.0,0.0,0.0,0.0,0.0,0.0
13559,0,0,0,0,0,0,0.0,0.0,0.0,0.0,0.0,0.0
2007,0,0,0,0,0,0,0.0,0.0,0.0,0.0,0.0,0.0
6854,0,0,0,0,0,0,0.0,0.0,0.0,0.0,0.0,0.0
5578,0,0,0,0,0,0,0.0,0.0,0.0,0.0,0.0,0.0
7474,0,0,0,0,0,0,0.0,0.0,0.0,0.0,0.0,0.0
12038,0,0,0,0,0,0,0.0,0.0,0.0,0.0,0.0,0.0
5379,0,0,0,0,0,0,0.0,0.0,0.0,0.0,0.0,0.0
6051,0,0,0,0,0,0,0.0,0.0,0.0,0.0,0.0,0.0
5683,0,0,0,0,0,0,0.0,0.0,0.0,0.0,0.0,0.0
7064,0,0,0,0,0,0,0.0,0.0,0.0,0.0,0.0,0.0
7393,0,0,0,0,0,0,0.0,0.0,0.0,0.0,0.0,0.0
2694,0,0,0,0,0,0,0.0,0.0,0.0,0.0,0.0,0.0
8792,0,0,0,0,0,0,0.0,0.0,0.0,0.0,0.0,0.0
111,0,0,0,0,0,0,0.0,0.0,0.0,0.0,0.0,0.0
12895,0,0,0,0,0,0,0.0,0.0,0.0,0.0,0.0,0.0
7385,0,0,0,0,0,0,0.0,0.0,0.0,0.0,0.0,0.0
7825,0,0,0,0,0,0,0.0,0.0,0.0,0.0,0.0,0.0
4720,0,0,0,0,0,0,0.0,0.0,0.0,0.0,0.0,0.0
9929,0,0,0,0,0,0,0.0,0.0,0.0,0.0,0.0,0.0
10436,0,0,0,0,0,0,0.0,0.0,0.0,0.0,0.0,0.0
3359,0,0,0,0,0,0,0.0,0.0,0.0,0.0,0.0,0.0
8747,0,0,0,0,0,0,0.0,0.0,0.0,0.0,0.0,0.0
16628,0,0,0,0,0,0,0.0,0.0,0.0,0.0,0.0,0.0
4401,0,0,0,0,0,0,0.0,0.0,0.0,0.0,0.0,0.0
16289,0,0,0,0,0,0,0.0,0.0,0.0,0.0,0.0,0.0
6570,0,0,0,0,0,0,0.0,0.0,0.0,0.0,0.0,0.0
7620,0,0,0,0,0,0,0.0,0.0,0.0,0.0,0.0,0.0
9460,0,0,0,0,0,0,0.0,0.0,0.0,0.0,0.0,0.0
5024,0,0,0,0,0,0,0.0,0.0,0.0,0.0,0.0,0.0
3212,0,0,0,0,0,0,0.0,0.0,0.0,0.0,0.0,0.0
3920,0,0,0,0,0,0,0.0,0.0,0.0,0.0,0.0,0.0
9632,0,0,0,0,0,0,0.0,0.0,0.0,0.0,0.0,0.0
19645,0,0,0,0,0,0,0.0,0.0,0.0,0.0,0.0,0.0
8064,0,0,0,0,0,0,0.0,0.0,0.0,0.0,0.0,0.0
12305,0,0,0,0,0,0,0.0,0.0,0.0,0.0,0.0,0.0
3526,0,0,0,0,0,0,0.0,0.0,0.0,0.0,0.0,0.0
4025,0,0,0,0,0,0,0.0,0.0,0.0,0.0,0.0,0.0
18526,0,0,0,0,0,0,0.0,0.0,0.0,0.0,0.0,0.0
5178,0,0,0,0,0,0,0.0,0.0,0.0,0.0,0.0,0.0
3715,0,0,0,0,0,0,0.0,0.0,0.0,0.0,0.0,0.0
4977,0,0,0,0,0,0,0.0,0.0,0.0,0.0,0.0,0.0
631,0,0,0,0,0,0,0.0,0.0,0.0,0.0,0.0,0.0
19222,0,0,0,0,0,0,0.0,0.0,0.0,0.0,0.0,0.0
4358,0,0,0,0,0,0,0.0,0.0,0.0,0.0,0.0,0.0
17639,0,0,0,0,0,0,0.0,0.0,0.0,0.0,0.0,0.0
3977,0,0,0,0,0,0,0.0,0.0,0.0,0.0,0.0,0.0
1219,0,0,0,0,0,0,0.0,0.0,0.0,0.0,0.0,0.0
18239,0,0,0,0,0,0,0.0,0.0,0.0,0.0,0.0,0.0
16124,0,0,0,0,0,0,0.0,0.0,0.0,0.0,0.0,0.0
2391,0,0,0,0,0,0,0.0,0.0,0.0,0.0,0.0,0.0
3159,0,0,0,0,0,0,0.0,0.0,0.0,0.0,0.0,0.0
10801,0,0,0,0,0,0,0.0,0.0,0.0,0.0,0.0,0.0
5837,0,0,0,1,0,0,0.0,0.0,0.0,0.0,0.0,0.0
15950,0,0,0,0,0,0,0.0,0.0,0.0,0.0,0.0,0.0
7036,0,0,0,0,0,0,0.0,0.0,0.0,0.0,0.0,0.0
1724,0,0,0,0,0,0,0.0,0.0,0.0,0.0,0.0,0.0
4964,0,0,0,0,0,0,0.0,0.0,0.0,0.0,0.0,0.0
3681,0,0,0,0,0,0,0.0,0.0,0.0,0.0,0.0,0.0
1790,0,0,0,0,0,0,0.0,0.0,0.0,0.0,0.0,0.0
4702,0,0,0,0,0,0,0.0,0.0,0.0,0.0,0.0,0.0
7024,0,0,0,0,0,0,0.0,0.0,0.0,0.0,0.0,0.0
14429,0,0,0,0,0,0,0.0,0.0,0.0,0.0,0.0,0.0
5956,0,0,0,0,0,0,0.0,0.0,0.0,0.0,0.0,0.0
7295,0,0,0,0,0,0,0.0,0.0,0.0,0.0,0.0,0.0
19308,0,0,0,0,0,0,0.0,0.0,0.0,0.0,0.0,0.0
18578,0,0,0,0,0,0,0.0,0.0,0.0,0.0,0.0,0.0
15056,0,0,0,0,0,0,0.0,0.0,0.0,0.0,0.0,0.0
3632,0,0,0,0,0,0,0.0,0.0,0.0,0.0,0.0,0.0
8666,0,0,0,0,0,0,0.0,0.0,0.0,0.0,0.0,0.0
3479,0,0,0,0,0,0,0.0,0.0,0.0,0.0,0.0,0.0
122,0,0,0,0,0,0,0.0,0.0,0.0,0.0,0.0,0.0
16717,0,0,0,0,0,0,0.0,0.0,0.0,0.0,0.0,0.0
11512,0,0,0,0,0,0,0.0,0.0,0.0,0.0,0.0,0.0
8834,0,0,0,0,0,0,0.0,0.0,0.0,0.0,0.0,0.0
845,0,0,0,0,0,0,0.0,0.0,0.0,0.0,0.0,0.0
859,0,0,0,0,0,0,0.0,0.0,0.0,0.0,0.0,0.0
5278,1,0,0,0,0,0,0.0,0.0,0.0,0.0,0.0,0.0
14182,0,0,0,0,0,0,0.0,0.0,0.0,0.0,0.0,0.0
3759,0,0,0,0,0,0,0.0,0.0,0.0,0.0,0.0,0.0
2043,0,0,0,0,0,0,0.0,0.0,0.0,0.0,0.0,0.0
8190,0,0,0,0,0,0,0.0,0.0,0.0,0.0,0.0,0.0
3525,0,0,0,0,0,0,0.0,0.0,0.0,0.0,0.0,0.0
4654,0,0,0,0,0,0,0.0,0.0,0.0,0.0,0.0,0.0
5205,0,0,0,0,0,0,0.0,0.0,0.0,0.0,0.0,0.0
7255,0,0,0,0,0,0,0.0,0.0,0.0,0.0,0.0,0.0
6783,0,0,0,0,0,0,0.0,0.0,0.0,0.0,0.0,0.0
2023,0,0,0,0,0,0,0.0,0.0,0.0,0.0,0.0,0.0
563,0,0,0,0,0,0,0.0,0.0,0.0,0.0,0.0,0.0
5421,0,0,0,0,0,0,0.0,0.0,0.0,0.0,0.0,0.0
14046,0,0,0,0,0,0,0.0,0.0,0.0,0.0,0.0,0.0
2342,0,0,0,0,0,0,0.0,0.0,0.0,0.0,0.0,0.0
3594,0,0,0,0,0,0,0.0,0.0,0.0,0.0,0.0,0.0
1365,0,0,0,0,0,0,0.0,0.0,0.0,0.0,0.0,0.0
10194,0,0,0,0,0,0,0.0,0.0,0.0,0.0,0.0,0.0
15842,0,0,0,0,0,0,0.0,0.0,0.0,0.0,0.0,0.0
10670,0,0,0,0,0,0,0.0,0.0,0.0,0.0,0.0,0.0
9642,0,0,0,0,0,0,0.0,0.0,0.0,0.0,0.0,0.0
5337,0,0,0,0,0,0,0.0,0.0,0.0,0.0,0.0,0.0
19501,0,0,0,0,0,0,0.0,0.0,0.0,0.0,0.0,0.0
15669,0,0,0,0,0,0,0.0,0.0,0.0,0.0,0.0,0.0
16595,0,0,0,0,0,0,0.0,0.0,0.0,0.0,0.0,0.0
18207,0,0,0,0,0,0,0.0,0.0,0.0,0.0,0.0,0.0
10831,0,0,0,0,0,0,0.0,0.0,0.0,0.0,0.0,0.0
5526,0,0,0,0,0,0,0.0,0.0,0.0,0.0,0.0,0.0
4480,0,0,0,0,0,0,0.0,0.0,0.0,0.0,0.0,0.0
10590,0,0,0,0,0,0,0.0,0.0,0.0,0.0,0.0,0.0
18815,0,0,0,0,0,0,0.0,0.0,0.0,0.0,0.0,0.0
13549,0,0,0,0,0,0,0.0,0.0,0.0,0.0,0.0,0.0
5621,0,0,0,0,0,0,0.0,0.0,0.0,0.0,0.0,0.0
9664,0,0,0,0,0,0,0.0,0.0,0.0,0.0,0.0,0.0
6611,0,0,0,0,0,0,0.0,0.0,0.0,0.0,0.0,0.0
12578,0,0,0,0,0,0,0.0,0.0,0.0,0.0,0.0,0.0
947,0,0,0,0,0,0,0.0,0.0,0.0,0.0,0.0,0.0
18293,0,0,0,0,0,0,0.0,0.0,0.0,0.0,0.0,0.0
7223,0,0,0,0,0,0,0.0,0.0,0.0,0.0,0.0,0.0
16028,0,0,0,0,0,0,0.0,0.0,0.0,0.0,0.0,0.0
8683,0,0,0,0,0,0,0.0,0.0,0.0,0.0,0.0,0.0
3972,0,0,0,0,0,0,0.0,0.0,0.0,0.0,0.0,0.0
225,0,0,0,0,0,0,0.0,0.0,0.0,0.0,0.0,0.0
2702,0,0,0,0,0,0,0.0,0.0,0.0,0.0,0.0,0.0
18337,0,0,0,0,0,0,0.0,0.0,0.0,0.0,0.0,0.0
3981,0,0,0,0,0,0,0.0,0.0,0.0,0.0,0.0,0.0
10785,0,0,0,0,0,0,0.0,0.0,0.0,0.0,0.0,0.0
12052,0,0,0,0,0,0,0.0,0.0,0.0,0.0,0.0,0.0
3222,0,0,0,0,0,0,0.0,0.0,0.0,0.0,0.0,0.0
13171,0,0,0,0,0,0,0.0,0.0,0.0,0.0,0.0,0.0
492,0,0,0,0,0,0,0.0,0.0,0.0,0.0,0.0,0.0
3301,0,0,0,1,0,0,0.0,0.0,0.0,0.0,0.0,0.0
16336,0,0,0,0,0,0,0.0,0.0,0.0,0.0,0.0,0.0
9286,0,0,0,0,0,0,0.0,0.0,0.0,0.0,0.0,0.0
7294,0,0,0,0,0,0,0.0,0.0,0.0,0.0,0.0,0.0
14266,0,0,0,0,0,0,0.0,0.0,0.0,0.0,0.0,0.0
13454,0,0,0,0,0,0,0.0,0.0,0.0,0.0,0.0,0.0
17852,0,0,0,0,0,0,0.0,0.0,0.0,0.0,0.0,0.0
1584,0,0,0,0,0,0,0.0,0.0,0.0,0.0,0.0,0.0
4770,0,0,0,0,0,0,0.0,0.0,0.0,0.0,0.0,0.0
17595,0,0,0,0,0,0,0.0,0.0,0.0,0.0,0.0,0.0
1168,0,0,0,0,0,0,0.0,0.0,0.0,0.0,0.0,0.0
7119,0,0,0,0,0,0,0.0,0.0,0.0,0.0,0.0,0.0
7710,0,0,0,0,0,0,0.0,0.0,0.0,0.0,0.0,0.0
11820,0,0,0,0,0,0,0.0,0.0,0.0,0.0,0.0,0.0
5476,0,0,0,0,0,0,0.0,0.0,0.0,0.0,0.0,0.0
13284,0,0,0,0,0,0,0.0,0.0,0.0,0.0,0.0,0.0
8404,0,0,0,0,0,0,0.0,0.0,0.0,0.0,0.0,0.0
16520,0,0,0,0,0,1,0.0,0.0,0.0,0.0,0.0,1.0
6031,0,0,0,0,0,0,0.0,0.0,0.0,0.0,0.0,0.0
6255,0,0,0,0,0,0,0.0,0.0,0.0,0.0,0.0,0.0
1631,0,0,0,0,0,0,0.0,0.0,0.0,0.0,0.0,0.0
10673,0,0,0,0,0,0,0.0,0.0,0.0,0.0,0.0,0.0
16635,0,0,0,0,0,0,0.0,0.0,0.0,0.0,0.0,0.0
3745,0,0,0,0,0,0,0.0,0.0,0.0,0.0,0.0,0.0
17200,0,0,0,0,0,0,0.0,0.0,0.0,0.0,0.0,0.0
17452,0,0,0,0,0,0,0.0,0.0,0.0,0.0,0.0,0.0
7441,0,0,0,0,0,0,0.0,0.0,0.0,0.0,0.0,0.0
5098,0,0,0,0,0,0,0.0,0.0,0.0,0.0,0.0,0.0
17929,0,0,0,0,0,0,0.0,0.0,0.0,0.0,0.0,0.0
9718,0,0,0,0,0,0,0.0,0.0,0.0,0.0,0.0,0.0
5320,0,0,0,0,0,0,0.0,0.0,0.0,0.0,0.0,0.0
16162,0,0,0,0,0,0,0.0,0.0,0.0,0.0,0.0,0.0
14022,0,0,0,0,0,0,0.0,0.0,0.0,0.0,0.0,0.0
11323,0,0,0,0,0,1,0.0,0.0,0.0,0.0,0.0,0.0
17630,0,0,0,0,0,0,0.0,0.0,0.0,0.0,0.0,0.0
15878,0,0,0,0,0,0,0.0,0.0,0.0,0.0,0.0,0.0
19066,0,0,0,0,0,0,0.0,0.0,0.0,0.0,0.0,0.0
8949,0,0,0,0,0,0,0.0,0.0,0.0,0.0,0.0,0.0
15366,0,0,0,0,0,0,0.0,0.0,0.0,0.0,0.0,0.0
5354,0,0,0,0,0,0,0.0,0.0,0.0,0.0,0.0,0.0
14847,0,0,0,0,0,0,0.0,0.0,0.0,0.0,0.0,0.0
448,0,0,0,0,0,0,0.0,0.0,0.0,0.0,0.0,0.0
19460,0,0,0,0,0,0,0.0,0.0,0.0,0.0,0.0,0.0
4531,0,0,0,0,0,0,0.0,0.0,0.0,0.0,0.0,0.0
13807,0,0,0,0,0,0,0.0,0.0,0.0,0.0,0.0,0.0
4430,0,0,0,0,0,0,0.0,0.0,0.0,0.0,0.0,0.0
1966,0,0,0,0,0,0,0.0,0.0,0.0,0.0,0.0,0.0
16994,0,0,0,0,0,0,0.0,0.0,0.0,0.0,0.0,0.0
4518,0,0,0,0,0,0,0.0,0.0,0.0,0.0,0.0,0.0
5324,0,0,0,0,0,0,0.0,0.0,0.0,0.0,0.0,0.0
8897,0,0,0,0,0,0,0.0,0.0,0.0,0.0,0.0,0.0
13435,0,0,0,0,0,0,0.0,0.0,0.0,0.0,0.0,0.0
7615,0,0,0,0,0,0,0.0,0.0,0.0,0.0,0.0,0.0
1787,0,0,0,0,0,0,0.0,0.0,0.0,0.0,0.0,0.0
10923,0,0,0,0,0,0,0.0,0.0,0.0,0.0,0.0,0.0
5795,0,0,0,0,0,0,0.0,0.0,0.0,0.0,0.0,0.0
14921,0,0,0,0,0,0,0.0,0.0,0.0,0.0,0.0,0.0
14444,0,0,0,0,0,0,0.0,0.0,0.0,0.0,0.0,0.0
960,0,0,0,0,0,0,0.0,0.0,0.0,0.0,0.0,0.0
1750,0,0,0,0,0,0,0.0,0.0,0.0,0.0,0.0,0.0
16335,0,0,0,0,0,0,0.0,0.0,0.0,0.0,0.0,0.0
16697,0,0,0,0,0,0,0.0,0.0,0.0,0.0,0.0,0.0
756,0,0,0,0,0,0,0.0,0.0,0.0,0.0,0.0,0.0
10707,0,0,0,0,0,0,0.0,0.0,0.0,0.0,0.0,0.0
1345,0,0,0,0,0,0,0.0,0.0,0.0,0.0,0.0,0.0
13779,0,0,0,0,0,0,0.0,0.0,0.0,0.0,0.0,0.0
12596,0,0,0,0,0,0,0.0,0.0,0.0,0.0,0.0,0.0
10708,0,0,0,0,0,0,0.0,0.0,0.0,0.0,0.0,0.0
637,0,0,0,0,0,0,0.0,0.0,0.0,0.0,0.0,0.0
20,0,0,0,0,0,0,0.0,0.0,0.0,0.0,0.0,0.0
3054,0,0,0,0,0,0,0.0,0.0,0.0,0.0,0.0,0.0
2405,0,0,0,0,0,0,0.0,0.0,0.0,0.0,0.0,0.0
6925,0,0,0,0,0,0,0.0,0.0,0.0,0.0,0.0,0.0
7125,0,0,0,0,0,0,0.0,0.0,0.0,0.0,0.0,0.0
17157,0,0,0,0,0,0,0.0,0.0,0.0,0.0,0.0,0.0
5093,0,0,0,0,0,0,0.0,0.0,0.0,0.0,0.0,0.0
17654,0,0,0,0,0,0,0.0,0.0,0.0,0.0,0.0,0.0
16809,0,0,0,0,0,0,0.0,0.0,0.0,0.0,0.0,0.0
7637,0,0,0,0,0,0,0.0,0.0,0.0,0.0,0.0,0.0
940,0,0,0,0,0,0,0.0,0.0,0.0,0.0,0.0,0.0
18916,0,0,0,0,0,0,0.0,0.0,0.0,0.0,0.0,0.0
3014,0,0,0,0,0,0,0.0,0.0,0.0,0.0,0.0,0.0
19181,0,0,0,0,0,0,0.0,0.0,0.0,0.0,0.0,0.0
9093,0,0,0,0,0,0,0.0,0.0,0.0,0.0,0.0,0.0
1316,0,0,0,0,0,0,0.0,0.0,0.0,0.0,0.0,0.0
4923,0,0,0,0,0,0,0.0,0.0,0.0,0.0,0.0,0.0
17902,0,0,0,0,0,0,0.0,0.0,0.0,0.0,0.0,0.0
13111,0,0,0,0,0,0,0.0,0.0,0.0,0.0,0.0,0.0
4971,0,0,0,0,0,0,0.0,0.0,0.0,0.0,0.0,0.0
12407,0,0,0,0,0,0,0.0,0.0,0.0,0.0,0.0,0.0
7484,0,0,0,0,0,0,0.0,0.0,0.0,0.0,0.0,0.0
525,0,0,0,0,0,0,0.0,0.0,0.0,0.0,0.0,0.0
2768,0,0,0,0,0,0,0.0,0.0,0.0,0.0,0.0,0.0
863,0,0,0,0,0,0,0.0,0.0,0.0,0.0,0.0,0.0
4679,0,0,0,0,0,0,0.0,0.0,0.0,0.0,0.0,0.0
7608,0,0,0,0,0,0,0.0,0.0,0.0,0.0,0.0,0.0
4935,0,0,0,0,0,0,0.0,0.0,0.0,0.0,0.0,0.0
6880,0,0,0,0,0,0,0.0,0.0,0.0,0.0,0.0,0.0
9493,0,0,0,0,0,0,0.0,0.0,0.0,0.0,0.0,0.0
2086,0,0,0,0,0,0,0.0,0.0,0.0,0.0,0.0,0.0
12084,0,0,0,0,0,0,0.0,0.0,0.0,0.0,0.0,0.0
7860,0,0,0,0,0,0,0.0,0.0,0.0,0.0,0.0,0.0
3221,0,0,0,0,1,0,0.0,0.0,0.0,0.0,0.0,0.0
6943,0,0,0,0,0,0,0.0,0.0,0.0,0.0,0.0,0.0
4501,0,0,0,0,0,0,0.0,0.0,0.0,0.0,0.0,0.0
905,0,0,0,0,0,0,0.0,0.0,0.0,0.0,0.0,0.0
